state,year,housing_cost_weighted,annual_market_rent,owner_costs,homeownership_rate,rental_rate
Alabama,2008,9593.79,7572,10419.587184668046,71.0,29.0
Alabama,2009,9633.79,7884,10398.06643158525,69.6,30.4
Alabama,2010,9826.83,8004,10604.330836853145,70.1,29.9
Alabama,2011,9846.17,8244,10536.09528967793,69.9,30.1
Alabama,2012,10218.71,8268,11103.330772033385,68.8,31.2
Alabama,2013,10256.44,8328,11163.937746239186,68.0,32.0
Alabama,2014,10264.69,8604,11057.014586262872,67.7,32.3
Alabama,2015,10368.13,8748,11134.055843403947,67.9,32.1
Alabama,2016,10862.5,8916,11757.606565584978,68.5,31.5
Alabama,2017,11275.38,9000,12346.15156982006,68.0,32.0
Alabama,2018,11332.21,9456,12215.132938637087,68.0,32.0
Alabama,2019,11804.4,9684,12765.971564692227,68.8,31.2
Alabama,2021,12565.09,10332,13522.132114213282,70.0,30.0
Alabama,2022,12781.76,10956,13556.790926332304,70.2,29.8
Alabama,2023,14563.61,11784,15749.21357142857,70.1,29.9
Alaska,2008,16530.24,11388,19299.140767060235,65.0,35.0
Alaska,2009,18699.49,12084,22230.461605298242,65.2,34.8
Alaska,2010,17602.89,11772,20897.02465476779,63.9,36.1
Alaska,2011,17287.39,12588,20035.524323766225,63.1,36.9
Alaska,2012,18622.25,13440,21613.895916194517,63.4,36.6
Alaska,2013,18737.54,13404,21803.273637686176,63.5,36.5
Alaska,2014,19463.2,14196,22623.526559976373,62.5,37.5
Alaska,2015,19603.63,13956,22794.230358796358,63.9,36.1
Alaska,2016,19192.59,14496,21777.53327774126,64.5,35.5
Alaska,2017,19751.73,14412,22821.01606677594,63.5,36.5
Alaska,2018,19633.17,14124,22522.123700494372,65.6,34.4
Alaska,2019,19485.14,14412,22253.023522654144,64.7,35.3
Alaska,2021,21144.44,15108,24144.57988245238,66.8,33.2
Alaska,2022,21152.77,15948,23822.091546453503,66.1,33.9
Alaska,2023,22518.84,16476,25590.385000000006,66.3,33.7
Arizona,2008,16338.17,10392,19123.524759338183,68.1,31.9
Arizona,2009,15775.79,10308,18456.710950489356,67.1,32.9
Arizona,2010,15111.84,10128,17771.919574644853,65.2,34.8
Arizona,2011,14875.89,10200,17540.48733747576,63.7,36.3
Arizona,2012,15129.32,10656,17801.87151718851,62.6,37.4
Arizona,2013,15153.03,10680,17882.942030060138,62.1,37.9
Arizona,2014,15342.31,10992,18111.98454427498,61.1,38.9
Arizona,2015,15876.84,11196,18757.94467002672,61.9,38.1
Arizona,2016,16179.9,11712,18781.467207619648,63.2,36.8
Arizona,2017,16969.02,12240,19549.143717639574,64.7,35.3
Arizona,2018,17583.05,12432,20381.148092618838,64.8,35.2
Arizona,2019,18036.67,13212,20600.472426033728,65.3,34.7
Arizona,2021,21010.21,15036,23873.58237113461,67.6,32.4
Arizona,2022,23376.37,17400,26267.024311644403,67.4,32.6
Arizona,2023,25469.44,19296,28414.814285714285,67.7,32.3
Arkansas,2008,9294.32,7272,10272.48150494415,67.4,32.6
Arkansas,2009,9095.62,7272,10035.054944616948,66.0,34.0
Arkansas,2010,9486.68,7656,10372.149093469943,67.4,32.6
Arkansas,2011,9766.89,7668,10819.482696572373,66.6,33.4
Arkansas,2012,9802.06,7680,10885.530830959915,66.2,33.8
Arkansas,2013,9933.39,7908,10990.791003014381,65.7,34.3
Arkansas,2014,10247.04,8196,11313.083924170138,65.8,34.2
Arkansas,2015,10296.37,8340,11340.565469741303,65.2,34.8
Arkansas,2016,10512.89,8412,11664.152956282383,64.6,35.4
Arkansas,2017,10551.18,8532,11624.153224081429,65.3,34.7
Arkansas,2018,10605.9,8772,11559.085440025845,65.8,34.2
Arkansas,2019,11014.69,8904,12126.429570929213,65.5,34.5
Arkansas,2021,12217.88,9840,13389.0704607043,67.0,33.0
Arkansas,2022,12258.83,10152,13320.168415555538,66.5,33.5
Arkansas,2023,13282.45,11196,14347.74071428571,66.2,33.8
California,2008,23518.66,13620,30986.06174816263,57.0,43.0
California,2009,23448.16,13860,30800.21888906602,56.6,43.4
California,2010,22922.3,13956,30082.442971423814,55.6,44.4
California,2011,22985.19,14088,30294.176545609454,54.9,45.1
California,2012,23114.56,14400,30538.0666740612,54.0,46.0
California,2013,23497.3,14688,31062.166517308426,53.8,46.2
California,2014,24414.83,15216,32346.02930360423,53.7,46.3
California,2015,24965.79,15732,32959.22334680056,53.6,46.4
California,2016,25955.71,16500,34141.2529849519,53.6,46.4
California,2017,27381.23,17364,35643.619705850506,54.8,45.2
California,2018,28450.18,18240,36871.72101281753,54.8,45.2
California,2019,29543.98,19368,37903.48400947446,54.9,45.1
California,2021,31551.11,21000,39874.978509939225,55.9,44.1
California,2022,32912.88,22440,41208.60042866403,55.8,44.2
California,2023,34624.76,23904,43082.46214285714,55.9,44.1
Colorado,2008,17901.51,10176,21621.19639016495,67.5,32.5
Colorado,2009,17801.95,10212,21540.279713953485,67.0,33.0
Colorado,2010,17472.67,10356,21155.190002529896,65.9,34.1
Colorado,2011,18549.51,10800,22833.401367771832,64.4,35.6
Colorado,2012,18356.64,11208,22377.753011759316,64.0,36.0
Colorado,2013,19177.65,11652,23319.68190665089,64.5,35.5
Colorado,2014,20056.12,12240,24471.79666361274,63.9,36.1
Colorado,2015,21021.99,13332,25404.19391794729,63.7,36.3
Colorado,2016,22094.25,14052,26462.877243627114,64.8,35.2
Colorado,2017,23299.06,14880,27792.66771199453,65.2,34.8
Colorado,2018,23871.69,15468,28376.888360728357,65.1,34.9
Colorado,2019,25197.34,16428,29735.03568682166,65.9,34.1
Colorado,2021,26429.43,17892,30672.576928223396,66.8,33.2
Colorado,2022,28316.35,19752,32650.12255179886,66.4,33.6
Colorado,2023,30279.95,21252,34993.16857142858,65.7,34.3
Connecticut,2008,20869.41,11640,25015.960727432685,69.0,31.0
Connecticut,2009,21739.39,12072,26123.441346721553,68.8,31.2
Connecticut,2010,20291.99,11904,24239.2854226267,68.0,32.0
Connecticut,2011,20687.94,12252,24768.234136097,67.4,32.6
Connecticut,2012,21180.52,12228,25609.938058558433,66.9,33.1
Connecticut,2013,21212.12,12480,25650.611306186183,66.3,33.7
Connecticut,2014,21515.66,12912,25869.31885724399,66.4,33.6
Connecticut,2015,22741.88,13296,27564.706270626404,66.2,33.8
Connecticut,2016,22195.31,13380,26983.86852184579,64.8,35.2
Connecticut,2017,22015.08,13500,26362.66107390753,66.2,33.8
Connecticut,2018,22763.46,14052,27291.29545834006,65.8,34.2
Connecticut,2019,22544.68,14124,27078.889291795844,65.0,35.0
Connecticut,2021,24584.83,15324,29229.156433287273,66.6,33.4
Connecticut,2022,25977.16,16320,30885.84663630709,66.3,33.7
Connecticut,2023,27008.12,17556,31942.782142857148,65.7,34.3
Delaware,2008,15172.18,11004,16674.991778935557,73.5,26.5
Delaware,2009,17031.61,11388,19055.94286338858,73.6,26.4
Delaware,2010,16065.15,11424,17781.745961626242,73.0,27.0
Delaware,2011,15989.45,11520,17762.254566388303,71.6,28.4
Delaware,2012,16195.1,11520,18123.24224441315,70.8,29.2
Delaware,2013,16720.81,11988,18588.852705757552,71.7,28.3
Delaware,2014,17917.01,12288,20295.129628960945,70.3,29.7
Delaware,2015,16783.48,12588,18513.82113290564,70.8,29.2
Delaware,2016,17000.27,12576,18914.494144071523,69.8,30.2
Delaware,2017,17623.46,13032,19507.959685319856,70.9,29.1
Delaware,2018,19040.74,13296,21387.188394176555,71.0,29.0
Delaware,2019,18885.53,13392,21206.41217447895,70.3,29.7
Delaware,2021,20312.75,14496,22508.054671064667,72.6,27.4
Delaware,2022,22412.44,15288,24902.622293670036,74.1,25.9
Delaware,2023,23765.12,16296,26444.26142857143,73.6,26.4
District of Columbia,2008,20137.32,12132,30577.43535379905,43.4,56.6
District of Columbia,2009,21330.43,12708,31954.50355148967,44.8,55.2
District of Columbia,2010,23355.06,14376,35503.19082941963,42.5,57.5
District of Columbia,2011,24056.79,14592,37564.79983543073,41.2,58.8
District of Columbia,2012,23320.47,14820,35303.06945551532,41.5,58.5
District of Columbia,2013,23580.37,15684,35085.390176133944,40.7,59.3
District of Columbia,2014,25972.15,16320,40093.77546358091,40.6,59.4
District of Columbia,2015,25188.65,17004,37516.91300500401,39.9,60.1
District of Columbia,2016,25890.47,16512,40436.657698909294,39.2,60.8
District of Columbia,2017,26939.16,17988,39199.288466412,42.2,57.8
District of Columbia,2018,27648.6,18192,40548.03909028899,42.3,57.7
District of Columbia,2019,27678.61,19236,39579.64036690733,41.5,58.5
District of Columbia,2021,29748.41,20016,43411.216675923475,41.6,58.4
District of Columbia,2022,32174.52,22116,46648.98743224952,41.0,59.0
District of Columbia,2023,32350.12,22848,47150.105,39.1,60.9
Florida,2008,18350.54,11364,21387.730641317423,69.7,30.3
Florida,2009,17666.16,11424,20536.646643092325,68.5,31.5
Florida,2010,17196.64,11364,19928.82080179308,68.1,31.9
Florida,2011,17227.97,11388,20143.584253789068,66.7,33.3
Florida,2012,17497.14,11448,20669.25645048601,65.6,34.4
Florida,2013,17568.15,11664,20775.337194690575,64.8,35.2
Florida,2014,18084.59,12036,21472.177432893506,64.1,35.9
Florida,2015,18623.4,12552,22068.298809646014,63.8,36.2
Florida,2016,19151.3,13032,22578.482425434344,64.1,35.9
Florida,2017,20025.61,13536,23489.387052173654,65.2,34.8
Florida,2018,20733.16,14184,24122.034276933646,65.9,34.1
Florida,2019,21617.92,14856,25070.378023687816,66.2,33.8
Florida,2021,23150.83,16176,26524.417836523713,67.4,32.6
Florida,2022,25539.21,18300,29072.639281094933,67.2,32.8
Florida,2023,28874.33,20628,32737.142142857152,68.1,31.9
Georgia,2008,13078.36,9444,14836.22513727457,67.4,32.6
Georgia,2009,13179.56,9600,14942.619941954314,67.0,33.0
Georgia,2010,12840.54,9828,14378.65823246904,66.2,33.8
Georgia,2011,12856.42,9996,14423.888066949388,64.6,35.4
Georgia,2012,12951.71,10044,14608.695233673749,63.7,36.3
Georgia,2013,13004.61,10200,14673.065158647034,62.7,37.3
Georgia,2014,13337.92,10584,15011.529251004478,62.2,37.8
Georgia,2015,13768.11,10908,15536.00718982004,61.8,38.2
Georgia,2016,14220.43,11196,16113.775663777093,61.5,38.5
Georgia,2017,14794.98,11496,16740.807453093992,62.9,37.1
Georgia,2018,15307.44,12096,17129.610524003117,63.8,36.2
Georgia,2019,15784.57,12588,17574.8478775073,64.1,35.9
Georgia,2021,17484.0,13836,19363.276678045484,66.0,34.0
Georgia,2022,19225.21,15228,21293.57317169659,65.9,34.1
Georgia,2023,20644.75,16800,22616.568571428576,66.1,33.9
Hawaii,2008,22224.86,15576,26826.18637225566,59.1,40.9
Hawaii,2009,21894.69,15516,26765.89329338762,56.7,43.3
Hawaii,2010,21590.21,15492,26006.156140035,58.0,42.0
Hawaii,2011,21732.58,15696,26323.783642787235,56.8,43.2
Hawaii,2012,21496.46,16548,25244.760026073618,56.9,43.1
Hawaii,2013,24041.26,16968,29553.864088494563,56.2,43.8
Hawaii,2014,23741.28,17376,28602.251849650595,56.7,43.3
Hawaii,2015,25302.96,18000,30902.748972323625,56.6,43.4
Hawaii,2016,23774.62,17796,28248.13582644281,57.2,42.8
Hawaii,2017,26313.88,18876,31590.329834869837,58.5,41.5
Hawaii,2018,25975.87,19356,30710.83993307756,58.3,41.7
Hawaii,2019,26872.21,19812,31539.916423734,60.2,39.8
Hawaii,2021,28271.43,21288,32443.64579867236,62.6,37.4
Hawaii,2022,28578.75,21756,32654.96213694087,62.6,37.4
Hawaii,2023,29700.5,23280,33569.264285714286,62.4,37.6
Idaho,2008,13064.92,8280,15028.825095253962,70.9,29.1
Idaho,2009,12763.01,8328,14530.806129925275,71.5,28.5
Idaho,2010,12089.82,8196,13790.574298710293,69.6,30.4
Idaho,2011,12016.31,8268,13724.057312277973,68.7,31.3
Idaho,2012,12303.6,8424,14095.931174396028,68.4,31.6
Idaho,2013,13178.9,8700,15153.743498229744,69.4,30.6
Idaho,2014,13134.82,9060,15052.381376981537,68.0,32.0
Idaho,2015,12992.77,9240,14678.790986493106,69.0,31.0
Idaho,2016,13226.78,9480,14949.746057639464,68.5,31.5
Idaho,2017,13741.79,9864,15427.549321487511,69.7,30.3
Idaho,2018,14844.76,10176,16779.617514635378,70.7,29.3
Idaho,2019,14964.94,10560,16712.14900947185,71.6,28.4
Idaho,2021,17588.06,12420,19607.848990622027,71.9,28.1
Idaho,2022,19668.73,13656,21972.366159229314,72.3,27.7
Idaho,2023,20705.43,15072,22842.245714285717,72.5,27.5
Illinois,2008,16393.8,9732,19344.99353950374,69.3,30.7
Illinois,2009,16471.0,9936,19546.297739607515,68.0,32.0
Illinois,2010,16549.41,10176,19590.19532203929,67.7,32.3
Illinois,2011,16611.0,10308,19673.532438478498,67.3,32.7
Illinois,2012,16517.46,10416,19577.34806005558,66.6,33.4
Illinois,2013,16914.27,10620,20171.24254903062,65.9,34.1
Illinois,2014,17272.42,10860,20649.957677968883,65.5,34.5
Illinois,2015,17697.37,11232,21133.03223191353,65.3,34.7
Illinois,2016,17810.02,11400,21216.259995785374,65.3,34.7
Illinois,2017,18175.05,11688,21487.167103544904,66.2,33.8
Illinois,2018,18535.48,11940,21933.14574675267,66.0,34.0
Illinois,2019,18791.9,12240,22167.11473287135,66.0,34.0
Illinois,2021,19702.46,13272,22798.60728040333,67.5,32.5
Illinois,2022,20621.06,14040,23847.845767354167,67.1,32.9
Illinois,2023,21592.5,14856,24850.805,67.4,32.6
Indiana,2008,12249.64,8040,13903.002146172334,71.8,28.2
Indiana,2009,12078.0,8244,13690.01576860646,70.4,29.6
Indiana,2010,12247.06,8196,13958.530556033558,70.3,29.7
Indiana,2011,12416.98,8484,14126.725286034984,69.7,30.3
Indiana,2012,12301.31,8580,13942.11756420663,69.4,30.6
Indiana,2013,12642.4,8760,14427.73346287334,68.5,31.5
Indiana,2014,12859.83,9036,14610.093677033374,68.6,31.4
Indiana,2015,12873.08,9096,14634.243363380958,68.2,31.8
Indiana,2016,12991.39,9216,14743.652246283802,68.3,31.7
Indiana,2017,13456.6,9516,15227.017025666293,69.0,31.0
Indiana,2018,13885.83,9840,15712.036031802132,68.9,31.1
Indiana,2019,14079.01,10080,15850.581804203623,69.3,30.7
Indiana,2021,14859.6,10860,16485.315547622697,71.1,28.9
Indiana,2022,15747.87,11664,17432.18169489229,70.8,29.2
Indiana,2023,16903.39,12528,18743.045714285716,70.4,29.6
Iowa,2008,10775.96,7284,12074.073470958663,72.9,27.1
Iowa,2009,11377.34,7332,12942.740386543752,72.1,27.9
Iowa,2010,11313.23,7548,12748.599676679401,72.4,27.6
Iowa,2011,11667.98,7716,13174.534451439182,72.4,27.6
Iowa,2012,11795.29,7932,13305.14382057728,71.9,28.1
Iowa,2013,12092.51,8148,13719.345452235446,70.8,29.2
Iowa,2014,12466.35,8532,14081.156360619034,70.9,29.1
Iowa,2015,12351.92,8616,13900.180341956437,70.7,29.3
Iowa,2016,12820.13,8892,14455.916518413485,70.6,29.4
Iowa,2017,13606.93,9120,15386.657273615121,71.6,28.4
Iowa,2018,13698.54,9324,15459.401978616008,71.3,28.7
Iowa,2019,13674.77,9696,15339.647960938366,70.5,29.5
Iowa,2021,13831.51,10164,15264.848747723134,71.9,28.1
Iowa,2022,15031.25,10692,16718.7419688599,72.0,28.0
Iowa,2023,15716.33,11388,17416.310714285715,71.8,28.2
Kansas,2008,11721.15,7848,13428.913034279229,69.4,30.6
Kansas,2009,11847.44,8052,13649.990601767764,67.8,32.2
Kansas,2010,11925.08,8184,13677.508811704434,68.1,31.9
Kansas,2011,12442.51,8508,14311.113510479681,67.8,32.2
Kansas,2012,12229.89,8532,14101.114288071838,66.4,33.6
Kansas,2013,12391.6,8940,14161.781851030806,66.1,33.9
Kansas,2014,12595.77,9276,14260.646778296756,66.6,33.4
Kansas,2015,13003.38,9384,14834.875932345074,66.4,33.6
Kansas,2016,13003.88,9468,14849.849752889262,65.7,34.3
Kansas,2017,13355.65,9780,15205.866039697457,65.9,34.1
Kansas,2018,13595.14,10080,15389.883186063875,66.2,33.8
Kansas,2019,13928.02,10344,15733.509959189672,66.5,33.5
Kansas,2021,14312.28,10848,16018.569823705066,67.0,33.0
Kansas,2022,15407.35,11700,17176.149624814934,67.7,32.3
Kansas,2023,16039.96,12432,17841.229285714286,66.7,33.3
Kentucky,2008,10238.69,6936,11688.064987909018,69.5,30.5
Kentucky,2009,10324.48,7356,11683.234549313207,68.6,31.4
Kentucky,2010,10568.87,7356,12039.482808903853,68.6,31.4
Kentucky,2011,10415.66,7512,11726.304708084612,68.9,31.1
Kentucky,2012,10757.51,7632,12296.935701888904,67.0,33.0
Kentucky,2013,10992.18,8016,12431.704107513013,67.4,32.6
Kentucky,2014,11111.14,8136,12636.962842882645,66.1,33.9
Kentucky,2015,11484.19,8424,13039.674226867133,66.3,33.7
Kentucky,2016,11444.34,8484,12915.648914869704,66.8,33.2
Kentucky,2017,11661.26,8688,13159.068085931585,66.5,33.5
Kentucky,2018,12243.88,9348,13644.563565000099,67.4,32.6
Kentucky,2019,12485.25,9276,14065.92244863507,67.0,33.0
Kentucky,2021,13092.64,9960,14519.881265931372,68.7,31.3
Kentucky,2022,13772.68,10692,15169.737914234443,68.8,31.2
Kentucky,2023,14808.46,11148,16468.432142857146,68.8,31.2
Louisiana,2008,10768.84,8376,11869.199055283589,68.5,31.5
Louisiana,2009,11305.11,8580,12593.41098471802,67.9,32.1
Louisiana,2010,11325.6,8832,12520.762592281968,67.6,32.4
Louisiana,2011,11520.25,8964,12813.774073266126,66.4,33.6
Louisiana,2012,11840.38,8964,13342.058746536086,65.7,34.3
Louisiana,2013,11947.92,9156,13386.188154822827,66.0,34.0
Louisiana,2014,12360.21,9612,13879.408729726085,64.4,35.6
Louisiana,2015,12345.83,9600,13850.508342227868,64.6,35.4
Louisiana,2016,12859.86,9696,14616.459883063111,64.3,35.7
Louisiana,2017,12959.0,10032,14521.259930753664,65.2,34.8
Louisiana,2018,13019.95,10248,14479.977216846464,65.5,34.5
Louisiana,2019,13740.44,10392,15427.244983991846,66.5,33.5
Louisiana,2021,13744.95,11088,15035.920411074116,67.3,32.7
Louisiana,2022,14756.7,11808,16169.989266843275,67.6,32.4
Louisiana,2023,15308.41,12240,16745.745000000003,68.1,31.9
Maine,2008,13693.45,8424,15732.52556220733,72.1,27.9
Maine,2009,13988.1,8664,15987.38372786046,72.7,27.3
Maine,2010,14289.26,8484,16469.231167053986,72.7,27.3
Maine,2011,13810.84,8964,15790.52818390041,71.0,29.0
Maine,2012,14472.61,8928,16693.560436292733,71.4,28.6
Maine,2013,15100.77,9120,17639.61755442133,70.2,29.8
Maine,2014,12188.93,9312,13346.962110101646,71.3,28.7
Maine,2015,13606.27,9504,15281.848370636731,71.0,29.0
Maine,2016,15249.12,9564,17470.986241668346,71.9,28.1
Maine,2017,14927.42,9672,16851.537802377592,73.2,26.8
Maine,2018,16107.57,10068,18550.538464390378,71.2,28.8
Maine,2019,14160.68,10440,15593.300479297197,72.2,27.8
Maine,2021,17155.1,11340,19114.191238159437,74.8,25.2
Maine,2022,18911.65,12396,21189.046916660973,74.1,25.9
Maine,2023,19324.27,14268,21064.060714285715,74.4,25.6
Maryland,2008,21092.08,12888,24692.425606331726,69.5,30.5
Maryland,2009,21413.19,13296,25128.637260943353,68.6,31.4
Maryland,2010,20981.97,13572,24631.661650058264,67.0,33.0
Maryland,2011,21610.37,13836,25387.819795983327,67.3,32.7
Maryland,2012,21587.36,14040,25389.417985954893,66.5,33.5
Maryland,2013,22645.49,14520,26738.785075310054,66.5,33.5
Maryland,2014,22977.85,14904,27155.66895988089,65.9,34.1
Maryland,2015,22668.41,15336,26462.572917320394,65.9,34.1
Maryland,2016,22767.98,15768,26390.122208259192,65.9,34.1
Maryland,2017,23343.92,16044,26988.40816108992,66.7,33.3
Maryland,2018,24146.71,16452,27953.810295767296,66.9,33.1
Maryland,2019,24820.8,16812,28801.22456148897,66.8,33.2
Maryland,2021,25494.22,17676,29207.29396395293,67.8,32.2
Maryland,2022,27039.49,18600,31066.01295604219,67.7,32.3
Maryland,2023,28095.2,19812,32011.11928571429,67.9,32.1
Massachusetts,2008,19560.3,11892,23780.833874890777,64.5,35.5
Massachusetts,2009,20137.11,11856,24754.924553022156,64.2,35.8
Massachusetts,2010,19673.23,12108,24270.749799656583,62.2,37.8
Massachusetts,2011,19867.17,12408,24419.539070066014,62.1,37.9
Massachusetts,2012,20288.81,12432,25063.520350103106,62.2,37.8
Massachusetts,2013,20620.86,12924,25439.21355833812,61.5,38.5
Massachusetts,2014,21285.2,13284,26272.961504829615,61.6,38.4
Massachusetts,2015,21806.39,13968,26672.04335207972,61.7,38.3
Massachusetts,2016,22453.33,14148,27543.696806900836,62.0,38.0
Massachusetts,2017,23164.78,14496,28410.57084001143,62.3,37.7
Massachusetts,2018,23504.02,15540,28426.766949280183,61.8,38.2
Massachusetts,2019,24524.32,16320,29510.221238002156,62.2,37.8
Massachusetts,2021,25885.47,17844,30567.844609281587,63.2,36.8
Massachusetts,2022,27564.51,19608,32399.814094542475,62.2,37.8
Massachusetts,2023,29709.65,21084,34929.35,62.3,37.7
Michigan,2008,14335.35,8472,16395.441666205857,74.0,26.0
Michigan,2009,13866.55,8592,15797.66900082471,73.2,26.8
Michigan,2010,14068.58,8760,16052.001570847784,72.8,27.2
Michigan,2011,13685.56,8868,15587.056994515033,71.7,28.3
Michigan,2012,13769.64,8976,15718.112989421412,71.1,28.9
Michigan,2013,13929.26,9216,15891.998620812421,70.6,29.4
Michigan,2014,14370.84,9456,16457.199284996663,70.2,29.8
Michigan,2015,14223.79,9636,16152.744950072916,70.4,29.6
Michigan,2016,14869.96,9816,17005.132234238557,70.3,29.7
Michigan,2017,15124.41,10020,17179.055995294937,71.3,28.7
Michigan,2018,15495.38,10332,17583.942554616904,71.2,28.8
Michigan,2019,16227.06,10656,18436.805558393156,71.6,28.4
Michigan,2021,16963.33,11628,18916.706078366067,73.2,26.8
Michigan,2022,18204.96,12624,20248.268129084958,73.2,26.8
Michigan,2023,18944.32,13212,20989.91285714286,73.7,26.3
Minnesota,2008,16048.09,8808,18500.21834264803,74.7,25.3
Minnesota,2009,15702.22,9084,18063.950770627696,73.7,26.3
Minnesota,2010,15092.02,9168,17283.093478763254,73.0,27.0
Minnesota,2011,15207.35,9444,17360.69337964492,72.8,27.2
Minnesota,2012,15714.07,9756,18100.62933557054,71.4,28.6
Minnesota,2013,16065.7,9984,18477.995761580278,71.6,28.4
Minnesota,2014,16167.81,10308,18480.679352570533,71.7,28.3
Minnesota,2015,17183.64,10656,19862.831059397453,70.9,29.1
Minnesota,2016,17287.74,10944,19841.250117342188,71.3,28.7
Minnesota,2017,17844.45,11268,20452.980446550624,71.6,28.4
Minnesota,2018,18364.94,11628,21050.29898192227,71.5,28.5
Minnesota,2019,19337.13,12192,22129.593269348807,71.9,28.1
Minnesota,2021,19555.49,13356,21848.45275362826,73.0,27.0
Minnesota,2022,21834.84,14400,24711.839767666494,72.1,27.9
Minnesota,2023,21611.08,15168,24116.718571428573,72.0,28.0
Mississippi,2008,9481.17,7656,10259.669411651197,70.1,29.9
Mississippi,2009,9307.33,7728,10000.41708208227,69.5,30.5
Mississippi,2010,9579.64,8064,10235.401590521751,69.8,30.2
Mississippi,2011,9769.88,8268,10419.686846321836,69.8,30.2
Mississippi,2012,9797.26,7992,10639.008155192972,68.2,31.8
Mississippi,2013,9947.37,8496,10655.782325598771,67.2,32.8
Mississippi,2014,10131.87,8532,10895.177339046535,67.7,32.3
Mississippi,2015,10242.56,8688,10994.473826499328,67.4,32.6
Mississippi,2016,10579.58,8736,11475.350721740795,67.3,32.7
Mississippi,2017,10916.15,8904,11841.440643829463,68.5,31.5
Mississippi,2018,10783.72,9324,11464.347053118825,68.2,31.8
Mississippi,2019,10820.89,9324,11548.198585995162,67.3,32.7
Mississippi,2021,11634.98,9972,12357.914329252126,69.7,30.3
Mississippi,2022,12615.07,10476,13536.185562262177,69.9,30.1
Mississippi,2023,13018.3,10776,13929.733571428573,71.1,28.9
Missouri,2008,11699.22,7884,13326.536633164797,70.1,29.9
Missouri,2009,11557.78,8016,13141.589613024933,69.1,30.9
Missouri,2010,11844.46,8184,13489.014425088926,69.0,31.0
Missouri,2011,11971.27,8496,13606.690669328429,68.0,32.0
Missouri,2012,11982.36,8472,13672.5397863449,67.5,32.5
Missouri,2013,12440.81,8808,14230.108843744916,67.0,33.0
Missouri,2014,12475.51,9048,14171.326917834995,66.9,33.1
Missouri,2015,12669.29,9156,14471.117105732717,66.1,33.9
Missouri,2016,12823.28,9252,14654.850730885812,66.1,33.9
Missouri,2017,12953.44,9600,14605.132197728008,67.0,33.0
Missouri,2018,13276.06,9960,14924.166667116075,66.8,33.2
Missouri,2019,13769.62,10008,15613.987129835858,67.1,32.9
Missouri,2021,14460.95,10584,16219.099455118381,68.8,31.2
Missouri,2022,15252.48,11448,17075.92285025872,67.6,32.4
Missouri,2023,16581.47,12228,18555.720714285722,68.8,31.2
Montana,2008,11016.11,7572,12599.901003089863,68.5,31.5
Montana,2009,10845.3,7524,12323.569456236277,69.2,30.8
Montana,2010,11145.33,7704,12641.350879547505,69.7,30.3
Montana,2011,11705.87,7800,13552.389974393387,67.9,32.1
Montana,2012,11746.81,8172,13499.583789004746,67.1,32.9
Montana,2013,11898.57,8280,13688.924156144658,66.9,33.1
Montana,2014,13711.67,8532,16332.702943993578,66.4,33.6
Montana,2015,12805.91,9156,14628.123472202044,66.7,33.3
Montana,2016,13050.63,8892,15007.629567278269,68.0,32.0
Montana,2017,13042.15,9108,14793.190202484386,69.2,30.8
Montana,2018,14447.1,9732,16717.331312418708,67.5,32.5
Montana,2019,15531.33,9972,18040.69168615051,68.9,31.1
Montana,2021,16399.7,10596,18946.644708636584,69.5,30.5
Montana,2022,16437.93,12060,18423.26819355614,68.8,31.2
Montana,2023,18090.82,12996,20358.45642857143,69.2,30.8
Nebraska,2008,11396.86,7512,13117.863237970556,69.3,30.7
Nebraska,2009,11313.12,7728,13062.999088663746,67.2,32.8
Nebraska,2010,11768.09,8028,13577.094301548052,67.4,32.6
Nebraska,2011,12096.29,8076,14085.406499304314,66.9,33.1
Nebraska,2012,12206.82,8304,14190.602962011451,66.3,33.7
Nebraska,2013,12134.1,8568,13971.182502374471,66.0,34.0
Nebraska,2014,12425.57,8904,14247.80705719476,65.9,34.1
Nebraska,2015,13011.08,9000,15086.61729558027,65.9,34.1
Nebraska,2016,13113.0,9228,15177.459808326414,65.3,34.7
Nebraska,2017,13248.95,9612,15097.593784947212,66.3,33.7
Nebraska,2018,13752.08,9960,15696.883988337728,66.1,33.9
Nebraska,2019,14074.61,10308,15989.16807473632,66.3,33.7
Nebraska,2021,15529.58,10944,17707.388870763894,67.8,32.2
Nebraska,2022,16038.53,11796,18224.070888864688,66.0,34.0
Nebraska,2023,17306.98,12504,19748.320714285717,66.3,33.7
Nevada,2008,18036.11,12132,22021.63198699434,59.7,40.3
Nevada,2009,16940.9,11916,20389.693499923775,59.3,40.7
Nevada,2010,16189.33,11424,19755.00378373804,57.2,42.8
Nevada,2011,16086.92,11232,19855.311741195008,56.3,43.7
Nevada,2012,15875.46,11328,19611.167502250835,54.9,45.1
Nevada,2013,15823.81,11424,19526.784280084867,54.3,45.7
Nevada,2014,15586.86,11460,19159.373846307146,53.6,46.4
Nevada,2015,16082.56,11760,19764.74501047652,54.0,46.0
Nevada,2016,16418.63,12036,20018.932024273065,54.9,45.1
Nevada,2017,17445.42,12612,21151.61133013763,56.6,43.4
Nevada,2018,18398.4,13296,22279.100021566188,56.8,43.2
Nevada,2019,19460.73,14016,23635.67249257206,56.6,43.4
Nevada,2021,21334.47,15732,25211.651033357477,59.1,40.9
Nevada,2022,23814.76,17532,27951.17793134469,60.3,39.7
Nevada,2023,25795.5,19464,29946.622142857144,60.4,39.6
New Hampshire,2008,19191.92,10968,22342.713908525267,72.3,27.7
New Hampshire,2009,19986.47,11016,23389.0584682423,72.5,27.5
New Hampshire,2010,19883.83,11412,23227.667469721975,71.7,28.3
New Hampshire,2011,19504.94,11268,22788.199163460304,71.5,28.5
New Hampshire,2012,20084.2,11604,23564.79463390752,70.9,29.1
New Hampshire,2013,20781.15,11940,24534.2284622364,70.2,29.8
New Hampshire,2014,19889.87,11928,23269.693389532833,70.2,29.8
New Hampshire,2015,21153.72,12204,24827.013082602265,70.9,29.1
New Hampshire,2016,20297.75,12312,23703.9392968653,70.1,29.9
New Hampshire,2017,22177.1,12864,26206.555684933162,69.8,30.2
New Hampshire,2018,20883.48,13080,24024.571897226633,71.3,28.7
New Hampshire,2019,21866.37,13764,25175.788571584366,71.0,29.0
New Hampshire,2021,22441.7,15156,25205.234644007003,72.5,27.5
New Hampshire,2022,27325.96,16752,31377.123377608266,72.3,27.7
New Hampshire,2023,27411.67,18204,30921.78214285714,72.4,27.6
New Jersey,2008,23996.84,12816,29503.81591522405,67.0,33.0
New Jersey,2009,23320.54,13296,28461.7232948805,66.1,33.9
New Jersey,2010,23469.7,13368,28581.39953561223,66.4,33.6
New Jersey,2011,22877.02,13620,27861.563308859404,65.0,35.0
New Jersey,2012,23826.72,13776,29214.8969457473,65.1,34.9
New Jersey,2013,23851.14,14052,29363.16190252291,64.0,36.0
New Jersey,2014,24363.39,14424,30126.04324315006,63.3,36.7
New Jersey,2015,24447.11,14568,30249.121569211005,63.0,37.0
New Jersey,2016,25143.97,14928,31092.513246617706,63.2,36.8
New Jersey,2017,25136.18,15408,30655.930316619582,63.8,36.2
New Jersey,2018,26058.71,16032,31698.729246832245,64.0,36.0
New Jersey,2019,26655.22,16512,32536.045571739418,63.3,36.7
New Jersey,2021,27130.7,17484,32463.348829200433,64.4,35.6
New Jersey,2022,29262.87,18660,35073.10533303619,64.6,35.4
New Jersey,2023,30660.91,20004,36733.83785714286,63.7,36.3
New Mexico,2008,12893.32,8016,15064.14850378034,69.2,30.8
New Mexico,2009,12704.23,8160,14717.329426858247,69.3,30.7
New Mexico,2010,12346.48,8388,14217.862392308889,67.9,32.1
New Mexico,2011,13389.13,8748,15553.171215122315,68.2,31.8
New Mexico,2012,13379.62,9036,15451.9758224074,67.7,32.3
New Mexico,2013,13522.39,9264,15535.553931021752,67.9,32.1
New Mexico,2014,13640.2,9324,15775.724128854974,66.9,33.1
New Mexico,2015,13703.55,9396,15777.549108304249,67.5,32.5
New Mexico,2016,14126.52,9648,16292.685356081302,67.4,32.6
New Mexico,2017,14310.38,9756,16463.476693100656,67.9,32.1
New Mexico,2018,14109.2,9960,16227.666871181824,66.2,33.8
New Mexico,2019,14425.24,10164,16421.329788296232,68.1,31.9
New Mexico,2021,15093.32,10872,16945.840518117697,69.5,30.5
New Mexico,2022,16884.89,11460,19111.465867539442,70.9,29.1
New Mexico,2023,17752.02,13008,19853.622857142855,69.3,30.7
New York,2008,18919.23,11436,24968.061049507665,55.3,44.7
New York,2009,19286.18,11808,25404.686974943317,55.0,45.0
New York,2010,19500.58,12240,25611.227565831126,54.3,45.7
New York,2011,19969.01,12696,26265.04548940727,53.6,46.4
New York,2012,20207.73,12948,26467.053327197802,53.7,46.3
New York,2013,20614.39,13308,26913.9435539889,53.7,46.3
New York,2014,21057.44,13776,27514.572165565944,53.0,47.0
New York,2015,21316.31,14076,27711.236853016344,53.1,46.9
New York,2016,21769.41,14328,28289.360717920303,53.3,46.7
New York,2017,22083.37,14712,28413.43766395484,53.8,46.2
New York,2018,22600.71,15288,28905.714904402477,53.7,46.3
New York,2019,23118.7,15708,29559.780323267438,53.5,46.5
New York,2021,25103.14,16908,31700.666559468646,55.4,44.6
New York,2022,25502.18,17988,31877.43330444718,54.1,45.9
New York,2023,26539.28,18732,33163.205,54.1,45.9
North Carolina,2008,11774.07,8328,13380.891531538513,68.2,31.8
North Carolina,2009,11930.34,8640,13536.334744462793,67.2,32.8
North Carolina,2010,11911.89,8772,13444.449530940617,67.2,32.8
North Carolina,2011,12184.95,8940,13819.625084669604,66.5,33.5
North Carolina,2012,12242.58,9072,13919.979457208408,65.4,34.6
North Carolina,2013,12477.33,9336,14221.421020834809,64.3,35.7
North Carolina,2014,12858.77,9636,14655.896917183562,64.2,35.8
North Carolina,2015,13026.37,9924,14779.043281175796,63.9,36.1
North Carolina,2016,13174.51,10068,14906.79458572076,64.2,35.8
North Carolina,2017,13767.2,10332,15584.60623358972,65.4,34.6
North Carolina,2018,14124.44,10800,15906.670957639537,65.1,34.9
North Carolina,2019,14571.9,11172,16378.580229524934,65.3,34.7
North Carolina,2021,15602.02,12312,17229.818228197706,66.9,33.1
North Carolina,2022,17316.88,13572,19186.512461356302,66.7,33.3
North Carolina,2023,18897.12,14940,20908.500714285714,66.3,33.7
North Dakota,2008,9910.48,6408,11666.97157521449,66.6,33.4
North Dakota,2009,10115.94,6768,11840.63830604657,66.0,34.0
North Dakota,2010,9754.25,6996,11118.939756895299,66.9,33.1
North Dakota,2011,10960.71,7512,12761.174719672888,65.7,34.3
North Dakota,2012,12281.32,7728,14733.112093798267,65.0,35.0
North Dakota,2013,13062.72,8280,15660.740108973907,64.8,35.2
North Dakota,2014,13087.45,8736,15556.447300003494,63.8,36.2
North Dakota,2015,13203.77,9300,15627.01859326135,61.7,38.3
North Dakota,2016,14907.06,9312,18164.939997718855,63.2,36.8
North Dakota,2017,12913.94,9420,14930.944723923405,63.4,36.6
North Dakota,2018,13327.02,9696,15505.631317600824,62.5,37.5
North Dakota,2019,14442.59,9648,17469.524592303533,61.3,38.7
North Dakota,2021,14222.91,10068,16652.636607691482,63.1,36.9
North Dakota,2022,14311.48,10356,16432.00457088311,65.1,34.9
North Dakota,2023,15917.24,10992,18723.92785714286,63.7,36.3
Ohio,2008,12259.9,8004,14171.971501802978,69.0,31.0
Ohio,2009,12086.47,8040,13990.686718924224,68.0,32.0
Ohio,2010,12095.98,8220,13886.630453871103,68.4,31.6
Ohio,2011,12064.83,8304,13917.174931745873,67.0,33.0
Ohio,2012,12332.65,8400,14331.598651307782,66.3,33.7
Ohio,2013,12775.4,8508,14963.971870927875,66.1,33.9
Ohio,2014,12723.25,8820,14797.412666496612,65.3,34.7
Ohio,2015,13004.93,8952,15149.140825272301,65.4,34.6
Ohio,2016,13246.43,9108,15435.877316426606,65.4,34.6
Ohio,2017,13631.68,9264,15901.814203101614,65.8,34.2
Ohio,2018,13901.47,9564,16145.90026379115,65.9,34.1
Ohio,2019,14162.54,9756,16432.57265052156,66.0,34.0
Ohio,2021,14903.1,10440,17081.513574232868,67.2,32.8
Ohio,2022,15985.66,11388,18219.58637375802,67.3,32.7
Ohio,2023,16844.79,12168,19137.885714285712,67.1,32.9
Oklahoma,2008,9788.89,7368,10970.509304894475,67.2,32.8
Oklahoma,2009,10198.44,7632,11451.112677876117,67.2,32.8
Oklahoma,2010,10411.05,7908,11599.812101775762,67.8,32.2
Oklahoma,2011,10579.36,8100,11800.533838189851,67.0,33.0
Oklahoma,2012,10725.11,8232,11986.678894429588,66.4,33.6
Oklahoma,2013,11111.41,8460,12507.95781695199,65.5,34.5
Oklahoma,2014,11486.09,8844,12902.51183192647,65.1,34.9
Oklahoma,2015,11500.69,9108,12772.154808732072,65.3,34.7
Oklahoma,2016,11691.9,8928,13186.711676349592,64.9,35.1
Oklahoma,2017,12070.94,9360,13498.8397024736,65.5,34.5
Oklahoma,2018,12397.38,9696,13826.546308973755,65.4,34.6
Oklahoma,2019,12411.57,9768,13803.988463453756,65.5,34.5
Oklahoma,2021,13056.81,10260,14529.943770778842,65.5,34.5
Oklahoma,2022,13851.44,11244,15230.905379769305,65.4,34.6
Oklahoma,2023,15154.32,12240,16716.68928571428,65.1,34.9
Oregon,2008,15209.19,9360,18456.712173694024,64.3,35.7
Oregon,2009,15635.5,9828,19031.648345515543,63.1,36.9
Oregon,2010,15504.42,9792,18931.872370301346,62.5,37.5
Oregon,2011,15435.15,10080,18887.815465417356,60.8,39.2
Oregon,2012,16193.93,10344,19840.63748991705,61.6,38.4
Oregon,2013,16229.89,10644,19831.32121980545,60.8,39.2
Oregon,2014,16862.07,11088,20600.478514163162,60.7,39.3
Oregon,2015,17613.92,11316,21623.56878250507,61.1,38.9
Oregon,2016,18359.07,12180,22194.706356236722,61.7,38.3
Oregon,2017,19681.3,12948,23669.808362787528,62.8,37.2
Oregon,2018,20383.14,13560,24477.017476005058,62.5,37.5
Oregon,2019,20897.36,14220,24835.82937489784,62.9,37.1
Oregon,2021,22008.87,15384,25767.80890015326,63.8,36.2
Oregon,2022,23694.21,16440,27991.297303140767,62.8,37.2
Oregon,2023,25015.03,17772,29196.342857142863,63.4,36.6
Pennsylvania,2008,13893.08,8712,16029.915358077253,70.8,29.2
Pennsylvania,2009,13959.64,8856,16095.20668648348,70.5,29.5
Pennsylvania,2010,14140.84,9156,16267.034907208263,70.1,29.9
Pennsylvania,2011,14312.91,9432,16454.89167788299,69.5,30.5
Pennsylvania,2012,14419.33,9576,16605.50525635448,68.9,31.1
Pennsylvania,2013,14860.35,9936,17083.10130358491,68.9,31.1
Pennsylvania,2014,15191.51,10176,17465.988099162572,68.8,31.2
Pennsylvania,2015,15541.45,10416,17876.624292560315,68.7,31.3
Pennsylvania,2016,15722.64,10572,18091.180003082423,68.5,31.5
Pennsylvania,2017,16167.76,10716,18698.073672645853,68.3,31.7
Pennsylvania,2018,16627.39,11124,19146.440520738128,68.6,31.4
Pennsylvania,2019,16860.13,11412,19377.09772691175,68.4,31.6
Pennsylvania,2021,17965.91,12432,20348.90031784288,69.9,30.1
Pennsylvania,2022,19112.1,13392,21670.007723850715,69.1,30.9
Pennsylvania,2023,20246.31,14364,22827.750714285714,69.5,30.5
Rhode Island,2008,17850.29,10200,22460.07832485847,62.4,37.6
Rhode Island,2009,18105.67,10680,22392.40643078992,63.4,36.6
Rhode Island,2010,17442.32,10416,21972.451823544066,60.8,39.2
Rhode Island,2011,17563.53,10500,22155.994945495004,60.6,39.4
Rhode Island,2012,16715.38,10536,20834.966848196393,60.0,40.0
Rhode Island,2013,17277.48,11016,21382.687095344318,60.4,39.6
Rhode Island,2014,18261.76,11208,23204.196525752173,58.8,41.2
Rhode Island,2015,18536.25,11256,23595.408381879955,59.0,41.0
Rhode Island,2016,18088.27,11376,22948.879026405848,58.0,42.0
Rhode Island,2017,18684.58,11292,23450.855430281077,60.8,39.2
Rhode Island,2018,19971.82,11976,24914.212936334003,61.8,38.2
Rhode Island,2019,20304.2,12516,25138.697337207122,61.7,38.3
Rhode Island,2021,21763.52,13704,26436.265514651368,63.3,36.7
Rhode Island,2022,22375.21,15048,26623.36338456528,63.3,36.7
Rhode Island,2023,23534.99,16380,27559.678571428576,64.0,36.0
South Carolina,2008,11612.93,8100,13075.816002566333,70.6,29.4
South Carolina,2009,11967.56,8472,13458.538272074467,70.1,29.9
South Carolina,2010,11862.31,8736,13286.673212004574,68.7,31.3
South Carolina,2011,12144.32,8892,13591.883199468508,69.2,30.8
South Carolina,2012,12361.62,9048,13913.813947944778,68.1,31.9
South Carolina,2013,12395.0,9192,13888.484224616483,68.2,31.8
South Carolina,2014,12555.93,9492,13997.775837680823,68.0,32.0
South Carolina,2015,13021.19,9828,14516.975443393092,68.1,31.9
South Carolina,2016,13256.67,10092,14705.224319262139,68.6,31.4
South Carolina,2017,13668.46,10176,15259.636328622071,68.7,31.3
South Carolina,2018,14080.52,10704,15576.3203479614,69.3,30.7
South Carolina,2019,14639.54,11064,16150.117434825142,70.3,29.7
South Carolina,2021,15884.16,11712,17522.804474109125,71.8,28.2
South Carolina,2022,17612.51,13008,19403.150656842015,72.0,28.0
South Carolina,2023,19202.04,14040,21169.883571428574,72.4,27.6
South Dakota,2008,9423.17,6828,10578.241239757544,69.2,30.8
South Dakota,2009,8993.24,6744,10056.573003986514,67.9,32.1
South Dakota,2010,9847.65,7092,11144.431719233955,68.0,32.0
South Dakota,2011,9521.13,7344,10522.288713009611,68.5,31.5
South Dakota,2012,11049.38,7812,12636.71385298233,67.1,32.9
South Dakota,2013,11316.06,7644,13108.37750121921,67.2,32.8
South Dakota,2014,10714.73,7764,12090.583610057398,68.2,31.8
South Dakota,2015,10861.12,8100,12148.569605685494,68.2,31.8
South Dakota,2016,11083.05,8472,12357.493521468396,67.2,32.8
South Dakota,2017,11900.6,8664,13444.799201225387,67.7,32.3
South Dakota,2018,12656.61,8808,14476.055005008844,67.9,32.1
South Dakota,2019,12902.04,9228,14646.935932818407,67.8,32.2
South Dakota,2021,13423.88,9960,14951.186836567955,69.4,30.6
South Dakota,2022,14432.0,10392,16196.604726943175,69.6,30.4
South Dakota,2023,15305.69,11052,17181.235,69.4,30.6
Tennessee,2008,11575.95,7920,13157.751259770617,69.8,30.2
Tennessee,2009,11698.13,8184,13262.21779846619,69.2,30.8
Tennessee,2010,11631.59,8364,13162.219196326972,68.1,31.9
Tennessee,2011,11724.47,8580,13252.322482117292,67.3,32.7
Tennessee,2012,12116.11,8760,13791.649253529544,66.7,33.3
Tennessee,2013,12164.27,8976,13777.612420677966,66.4,33.6
Tennessee,2014,12214.87,9240,13740.567057516015,66.1,33.9
Tennessee,2015,12592.65,9420,14241.663932309377,65.8,34.2
Tennessee,2016,13173.58,9672,15050.763978814191,65.1,34.9
Tennessee,2017,13684.79,9996,15636.349256158717,65.4,34.6
Tennessee,2018,13879.31,10332,15690.471448397102,66.2,33.8
Tennessee,2019,14728.29,10848,16683.01614694944,66.5,33.5
Tennessee,2021,15669.23,11772,17545.671310362144,67.5,32.5
Tennessee,2022,16900.9,13152,18730.722477459825,67.2,32.8
Tennessee,2023,18267.82,14568,20065.507142857146,67.3,32.7
Texas,2008,13702.14,9216,16128.388085917453,64.9,35.1
Texas,2009,13719.51,9456,16149.109103810568,63.7,36.3
Texas,2010,13834.1,9612,16250.516262058823,63.6,36.4
Texas,2011,14030.6,9756,16551.862821848918,62.9,37.1
Texas,2012,14434.82,9972,17135.438006445947,62.3,37.7
Texas,2013,14761.52,10284,17529.173847217007,61.8,38.2
Texas,2014,15443.97,10752,18418.610467439707,61.2,38.8
Texas,2015,15843.22,11184,18809.561411644496,61.1,38.9
Texas,2016,16489.04,11472,19683.188368501724,61.1,38.9
Texas,2017,17008.46,11844,20173.78034034123,62.0,38.0
Texas,2018,17518.13,12552,20600.838835448758,61.7,38.3
Texas,2019,18163.31,13092,21284.74868669858,61.9,38.1
Texas,2021,19204.93,14004,22312.19303062233,62.6,37.4
Texas,2022,20901.89,15480,24155.026641168133,62.5,37.5
Texas,2023,22400.07,16956,25652.59142857143,62.6,37.4
Utah,2008,15671.24,9408,18143.34792232218,71.7,28.3
Utah,2009,16333.74,9516,19051.297427484587,71.5,28.5
Utah,2010,14785.33,9552,17038.879748825224,69.9,30.1
Utah,2011,15656.62,9864,18210.708102975077,69.4,30.6
Utah,2012,15894.27,10212,18376.17579261181,69.6,30.4
Utah,2013,16397.16,10572,18989.867521381762,69.2,30.8
Utah,2014,16296.56,10632,18817.774892219277,69.2,30.8
Utah,2015,16378.02,11100,18760.40115847153,68.9,31.1
Utah,2016,17830.46,11448,20578.84094001841,69.9,30.1
Utah,2017,17736.73,11832,20279.398468881653,69.9,30.1
Utah,2018,18530.51,12516,21047.22164885764,70.5,29.5
Utah,2019,19170.38,13176,21666.624610988074,70.6,29.4
Utah,2021,20538.15,14496,23164.788496683694,69.7,30.3
Utah,2022,23516.92,16464,26369.793436953656,71.2,28.8
Utah,2023,25133.17,18612,27914.668571428574,70.1,29.9
Vermont,2008,15983.7,9564,18455.546803371108,72.2,27.8
Vermont,2009,16438.6,9948,19051.22421818541,71.3,28.7
Vermont,2010,15749.81,9876,18219.483312276676,70.4,29.6
Vermont,2011,16518.2,10188,19066.26023622186,71.3,28.7
Vermont,2012,17451.55,10320,20364.436396421635,71.0,29.0
Vermont,2013,16656.01,10380,19219.45765165934,71.0,29.0
Vermont,2014,16693.14,11004,19131.34583256749,70.0,30.0
Vermont,2015,17454.61,11076,20098.081497435523,70.7,29.3
Vermont,2016,15686.76,11100,17671.29269628793,69.8,30.2
Vermont,2017,17271.48,11400,19848.169278532874,69.5,30.5
Vermont,2018,18903.14,11628,21704.367508674663,72.2,27.8
Vermont,2019,18603.8,11760,21412.752768085713,70.9,29.1
Vermont,2021,19492.69,13380,21788.104785607946,72.7,27.3
Vermont,2022,20079.19,13692,22358.47245032149,73.7,26.3
Vermont,2023,19623.37,14424,21526.96357142857,73.2,26.8
Virginia,2008,17914.72,11208,20970.327168443862,68.7,31.3
Virginia,2009,18132.64,11868,21067.17055970272,68.1,31.9
Virginia,2010,18078.33,12228,20869.552340662485,67.7,32.3
Virginia,2011,18309.05,12744,21013.016564810834,67.3,32.7
Virginia,2012,18336.81,12816,21155.59051161765,66.2,33.8
Virginia,2013,19049.97,13032,22205.73050455411,65.6,34.4
Virginia,2014,19416.83,13392,22618.39335471075,65.3,34.7
Virginia,2015,19736.82,13728,22972.33190414294,65.0,35.0
Virginia,2016,19722.76,13908,22812.69291126747,65.3,34.7
Virginia,2017,20261.42,14148,23327.31150302852,66.6,33.4
Virginia,2018,21093.02,14580,24463.19169706057,65.9,34.1
Virginia,2019,20766.01,15048,23698.542361712203,66.1,33.9
Virginia,2021,22604.44,15972,25783.301297326918,67.6,32.4
Virginia,2022,23691.78,17292,26787.216389363675,67.4,32.6
Virginia,2023,24766.04,18804,27597.57214285714,67.8,32.2
Washington,2008,18196.71,10488,22293.0617338236,65.3,34.7
Washington,2009,18089.33,10932,22063.147421115427,64.3,35.7
Washington,2010,17536.85,10896,21420.327757100542,63.1,36.9
Washington,2011,18031.74,11160,22102.261167580673,62.8,37.2
Washington,2012,17936.34,11448,21862.67521025142,62.3,37.7
Washington,2013,18452.59,11868,22505.4627854027,61.9,38.1
Washington,2014,19368.15,12384,23703.53628096236,61.7,38.3
Washington,2015,20152.34,12960,24486.182000116743,62.4,37.6
Washington,2016,21265.8,13620,25853.275265564378,62.5,37.5
Washington,2017,22395.14,14592,27017.386072241752,62.8,37.2
Washington,2018,23574.88,15792,28185.116583096416,62.8,37.2
Washington,2019,24540.55,16308,29354.836876411908,63.1,36.9
Washington,2021,25343.95,17808,29582.916785078458,64.0,36.0
Washington,2022,27626.44,19560,32124.55114218954,64.2,35.8
Washington,2023,28880.47,20772,33501.15071428572,63.7,36.3
West Virginia,2008,9163.48,6336,10172.476241377955,73.7,26.3
West Virginia,2009,9247.9,6624,10189.084069643628,73.6,26.4
West Virginia,2010,9560.59,6852,10482.814049546338,74.6,25.4
West Virginia,2011,9610.59,7188,10538.743339663395,72.3,27.7
West Virginia,2012,9720.43,7284,10667.936310826744,72.0,28.0
West Virginia,2013,10244.69,7440,11319.234180321424,72.3,27.7
West Virginia,2014,10293.6,7872,11226.02350625148,72.2,27.8
West Virginia,2015,10939.03,8100,12026.732665305291,72.3,27.7
West Virginia,2016,10746.04,8184,11722.735005212979,72.4,27.6
West Virginia,2017,10969.44,8280,11989.571399614491,72.5,27.5
West Virginia,2018,11228.93,8820,12142.668217774914,72.5,27.5
West Virginia,2019,11659.91,8724,12723.882679000699,73.4,26.6
West Virginia,2021,12491.32,9204,13575.440020419104,75.2,24.8
West Virginia,2022,12115.56,9540,12997.133745265568,74.5,25.5
West Virginia,2023,13429.48,10200,14593.844285714287,73.5,26.5
Wisconsin,2008,13518.77,8448,15681.61855216287,70.1,29.9
Wisconsin,2009,13347.13,8496,15526.621350528287,69.0,31.0
Wisconsin,2010,13609.96,8580,15901.627595719858,68.7,31.3
Wisconsin,2011,13812.19,8868,16149.576819848873,67.9,32.1
Wisconsin,2012,13723.55,8916,16059.455749803865,67.3,32.7
Wisconsin,2013,13668.77,9096,15900.723306171692,67.2,32.8
Wisconsin,2014,13671.13,9384,15821.132038199738,66.6,33.4
Wisconsin,2015,14058.33,9504,16321.858542129554,66.8,33.2
Wisconsin,2016,14064.45,9624,16281.345360565503,66.7,33.3
Wisconsin,2017,14945.46,9828,17511.867122432093,66.6,33.4
Wisconsin,2018,15067.19,10164,17471.286844603826,67.1,32.9
Wisconsin,2019,15381.08,10404,17810.365468490116,67.2,32.8
Wisconsin,2021,15657.3,11052,17814.54840757004,68.1,31.9
Wisconsin,2022,17079.14,11904,19503.32634919289,68.1,31.9
Wisconsin,2023,18342.92,12852,20938.78142857143,67.9,32.1
Wyoming,2008,12379.63,7632,14404.655331313337,70.1,29.9
Wyoming,2009,14242.92,8400,16641.076546526936,70.9,29.1
Wyoming,2010,13557.18,8316,15835.632325147002,69.7,30.3
Wyoming,2011,14904.67,9108,17318.573996416908,70.6,29.4
Wyoming,2012,13940.49,8904,16203.25891971978,69.0,31.0
Wyoming,2013,15038.82,9360,17578.264750271992,69.1,30.9
Wyoming,2014,15471.55,9504,18424.111757106486,66.9,33.1
Wyoming,2015,14504.37,9780,16727.59727657187,68.0,32.0
Wyoming,2016,16227.75,10080,19015.685569389487,68.8,31.2
Wyoming,2017,15394.22,9984,17625.54734058218,70.8,29.2
Wyoming,2018,14354.32,9816,16271.652026688063,70.3,29.7
Wyoming,2019,15697.42,9864,17977.246382036497,71.9,28.1
Wyoming,2021,16280.91,10668,18529.212174515196,71.4,28.6
Wyoming,2022,17802.91,10740,20455.140210482514,72.7,27.3
Wyoming,2023,18058.37,12000,20508.94642857143,71.2,28.8
