state,year,median_income,col_new,mli_new,annual_surplus,surplus_pct,mli_old,col_old,mli_change,col_change,col_change_pct
Alabama,2008,42666,42122.58,1.013,543.4199999999983,1.3,1.014,42094.1,-0.001000000000000112,28.4800000000032,0.1
Alabama,2009,40489,41229.2,0.982,-740.1999999999971,-1.8,0.982,41239.26,0.0,-10.060000000004948,-0.0
Alabama,2010,40474,43051.19,0.94,-2577.1900000000023,-6.0,0.94,43048.6,0.0,2.5900000000037835,0.0
Alabama,2011,41415,44778.14,0.925,-3363.1399999999994,-7.5,0.925,44780.44,0.0,-2.3000000000029104,-0.0
Alabama,2012,41574,46025.66,0.903,-4451.6600000000035,-9.7,0.903,46059.68,0.0,-34.0199999999968,-0.1
Alabama,2013,42849,46535.82,0.921,-3686.8199999999997,-7.9,0.92,46592.54,0.0010000000000000009,-56.720000000001164,-0.1
Alabama,2014,42830,46963.34,0.912,-4133.3399999999965,-8.8,0.911,47019.76,0.0010000000000000009,-56.42000000000553,-0.1
Alabama,2015,44765,46431.41,0.964,-1666.4100000000035,-3.6,0.963,46481.52,0.0010000000000000009,-50.109999999993306,-0.1
Alabama,2016,46257,47360.83,0.977,-1103.8300000000017,-2.3,0.976,47403.46,0.0010000000000000009,-42.62999999999738,-0.1
Alabama,2017,48123,48163.21,0.999,-40.20999999999913,-0.1,0.998,48230.13,0.0010000000000000009,-66.91999999999825,-0.1
Alabama,2018,49861,47991.86,1.039,1869.1399999999994,3.9,1.038,48047.04,0.0009999999999998899,-55.18000000000029,-0.1
Alabama,2019,51734,49489.28,1.045,2244.720000000001,4.5,1.045,49526.26,0.0,-36.9800000000032,-0.1
Alabama,2021,53913,52376.34,1.029,1536.6600000000035,2.9,1.029,52376.35,0.0,-0.010000000002037268,-0.0
Alabama,2022,59674,56545.98,1.055,3128.019999999997,5.5,1.055,56540.78,0.0,5.200000000004366,0.0
Alabama,2023,62212,59940.3,1.038,2271.699999999997,3.8,1.038,59936.34,0.0,3.960000000006403,0.0
Alaska,2008,68460,51539.37,1.328,16920.629999999997,32.8,1.318,51934.93,0.010000000000000009,-395.5599999999977,-0.8
Alaska,2009,66953,53266.08,1.257,13686.919999999998,25.7,1.246,53753.11,0.010999999999999899,-487.02999999999884,-0.9
Alaska,2010,64576,52444.88,1.231,12131.120000000003,23.1,1.218,53001.51,0.013000000000000123,-556.6300000000047,-1.1
Alaska,2011,67825,53886.95,1.259,13938.050000000003,25.9,1.247,54400.83,0.011999999999999789,-513.8800000000047,-0.9
Alaska,2012,67712,55476.42,1.221,12235.580000000002,22.1,1.209,56015.89,0.01200000000000001,-539.4700000000012,-1.0
Alaska,2013,72237,55743.96,1.296,16493.04,29.6,1.283,56289.91,0.013000000000000123,-545.9500000000044,-1.0
Alaska,2014,71583,56937.71,1.257,14645.29,25.7,1.243,57569.78,0.01399999999999979,-632.0699999999997,-1.1
Alaska,2015,73355,57383.49,1.278,15971.510000000002,27.8,1.266,57922.62,0.01200000000000001,-539.1300000000047,-0.9
Alaska,2016,76440,57832.81,1.322,18607.190000000002,32.2,1.313,58233.3,0.009000000000000119,-400.49000000000524,-0.7
Alaska,2017,73181,59409.38,1.232,13771.620000000003,23.2,1.221,59955.96,0.010999999999999899,-546.5800000000017,-0.9
Alaska,2018,74346,59832.19,1.243,14513.809999999998,24.3,1.235,60201.7,0.008000000000000007,-369.50999999999476,-0.6
Alaska,2019,75463,59577.31,1.267,15885.690000000002,26.7,1.258,59992.89,0.008999999999999897,-415.58000000000175,-0.7
Alaska,2021,77845,65326.6,1.192,12518.400000000001,19.2,1.186,65615.76,0.006000000000000005,-289.1599999999962,-0.4
Alaska,2022,88121,68321.34,1.29,19799.660000000003,29.0,1.284,68628.43,0.006000000000000005,-307.0899999999965,-0.4
Alaska,2023,86631,70133.14,1.235,16497.86,23.5,1.229,70470.37,0.006000000000000005,-337.2299999999959,-0.5
Arizona,2008,50958,50740.24,1.004,217.76000000000204,0.4,1.001,50906.13,0.0030000000000001137,-165.88999999999942,-0.3
Arizona,2009,48745,50240.72,0.97,-1495.7200000000012,-3.0,0.966,50477.03,0.0040000000000000036,-236.30999999999767,-0.5
Arizona,2010,46789,49560.4,0.944,-2771.4000000000015,-5.6,0.937,49927.31,0.006999999999999895,-366.9099999999962,-0.7
Arizona,2011,46709,50510.1,0.925,-3801.0999999999985,-7.5,0.916,50972.55,0.009000000000000008,-462.45000000000437,-0.9
Arizona,2012,47826,51231.54,0.934,-3405.540000000001,-6.6,0.924,51760.33,0.010000000000000009,-528.7900000000009,-1.0
Arizona,2013,48510,51869.06,0.935,-3359.0599999999977,-6.5,0.925,52438.09,0.010000000000000009,-569.0299999999988,-1.1
Arizona,2014,50068,52335.92,0.957,-2267.9199999999983,-4.3,0.945,52969.6,0.01200000000000001,-633.6800000000003,-1.2
Arizona,2015,51492,52355.79,0.984,-863.7900000000009,-1.6,0.972,52968.31,0.01200000000000001,-612.5199999999968,-1.2
Arizona,2016,53558,53175.15,1.007,382.84999999999854,0.7,0.998,53655.88,0.008999999999999897,-480.7299999999959,-0.9
Arizona,2017,56581,54305.49,1.042,2275.510000000002,4.2,1.035,54692.87,0.007000000000000117,-387.38000000000466,-0.7
Arizona,2018,59246,55478.93,1.068,3767.0699999999997,6.8,1.06,55892.29,0.008000000000000007,-413.3600000000006,-0.7
Arizona,2019,62055,56706.02,1.094,5348.980000000003,9.4,1.088,57053.28,0.006000000000000005,-347.26000000000204,-0.6
Arizona,2021,69056,61107.88,1.13,7948.120000000003,13.0,1.126,61319.98,0.0040000000000000036,-212.10000000000582,-0.3
Arizona,2022,74568,68536.67,1.088,6031.330000000002,8.8,1.084,68767.22,0.0040000000000000036,-230.5500000000029,-0.3
Arizona,2023,77315,72166.46,1.071,5148.539999999994,7.1,1.068,72376.19,0.0029999999999998916,-209.72999999999593,-0.3
Arkansas,2008,38815,41736.56,0.93,-2921.5599999999977,-7.0,0.928,41814.58,0.0020000000000000018,-78.02000000000407,-0.2
Arkansas,2009,37823,40545.58,0.933,-2722.5800000000017,-6.7,0.93,40656.1,0.0030000000000000027,-110.5199999999968,-0.3
Arkansas,2010,38307,42607.86,0.899,-4300.860000000001,-10.1,0.898,42678.48,0.0010000000000000009,-70.62000000000262,-0.2
Arkansas,2011,38758,44580.84,0.869,-5822.8399999999965,-13.1,0.867,44687.99,0.0020000000000000018,-107.15000000000146,-0.2
Arkansas,2012,40112,45358.1,0.884,-5246.0999999999985,-11.6,0.882,45479.91,0.0020000000000000018,-121.81000000000495,-0.3
Arkansas,2013,40511,46025.46,0.88,-5514.459999999999,-12.0,0.878,46158.03,0.0020000000000000018,-132.5699999999997,-0.3
Arkansas,2014,41262,46646.18,0.885,-5384.18,-11.5,0.882,46777.1,0.0030000000000000027,-130.91999999999825,-0.3
Arkansas,2015,41995,46047.49,0.912,-4052.489999999998,-8.8,0.909,46191.52,0.0030000000000000027,-144.02999999999884,-0.3
Arkansas,2016,44334,46632.29,0.951,-2298.290000000001,-4.9,0.947,46807.91,0.0040000000000000036,-175.62000000000262,-0.4
Arkansas,2017,45869,47120.1,0.973,-1251.0999999999985,-2.7,0.97,47265.43,0.0030000000000000027,-145.33000000000175,-0.3
Arkansas,2018,47062,47718.86,0.986,-656.8600000000006,-1.4,0.984,47835.92,0.0020000000000000018,-117.05999999999767,-0.2
Arkansas,2019,48952,48803.63,1.003,148.37000000000262,0.3,1.0,48948.64,0.0029999999999998916,-145.01000000000204,-0.3
Arkansas,2021,52528,52580.69,0.999,-52.69000000000233,-0.1,0.997,52687.15,0.0020000000000000018,-106.45999999999913,-0.2
Arkansas,2022,55432,55422.16,1.0,9.839999999996508,0.0,0.998,55533.04,0.0020000000000000018,-110.87999999999738,-0.2
Arkansas,2023,58700,57243.77,1.025,1456.2300000000032,2.5,1.023,57363.54,0.0020000000000000018,-119.77000000000407,-0.2
California,2008,61021,58633.45,1.041,2387.550000000003,4.1,1.002,60891.03,0.038999999999999924,-2257.5800000000017,-3.7
California,2009,58931,57600.64,1.023,1330.3600000000006,2.3,0.984,59870.63,0.038999999999999924,-2269.989999999998,-3.8
California,2010,57708,57809.83,0.998,-101.83000000000175,-0.2,0.96,60132.04,0.038000000000000034,-2322.209999999999,-3.9
California,2011,57287,59633.62,0.961,-2346.6200000000026,-3.9,0.923,62080.75,0.03799999999999992,-2447.1299999999974,-3.9
California,2012,58328,60809.06,0.959,-2481.0599999999977,-4.1,0.92,63391.14,0.038999999999999924,-2582.0800000000017,-4.1
California,2013,60190,61632.39,0.977,-1442.3899999999994,-2.3,0.936,64285.01,0.040999999999999925,-2652.6200000000026,-4.1
California,2014,61933,62998.66,0.983,-1065.6600000000035,-1.7,0.941,65790.85,0.04200000000000004,-2792.1900000000023,-4.2
California,2015,64500,63402.9,1.017,1097.0999999999985,1.7,0.974,66228.17,0.04299999999999993,-2825.269999999997,-4.3
California,2016,67739,64207.72,1.055,3531.279999999999,5.5,1.01,67100.89,0.04499999999999993,-2893.1699999999983,-4.3
California,2017,71805,66651.72,1.077,5153.279999999999,7.7,1.034,69430.23,0.04299999999999993,-2778.5099999999948,-4.0
California,2018,75277,69099.59,1.089,6177.4100000000035,8.9,1.047,71931.61,0.04200000000000004,-2832.020000000004,-3.9
California,2019,80440,70477.26,1.141,9962.740000000005,14.1,1.098,73276.12,0.04299999999999993,-2798.8600000000006,-3.8
California,2021,84907,75449.31,1.125,9457.690000000002,12.5,1.087,78110.68,0.038000000000000034,-2661.3699999999953,-3.4
California,2022,91551,81265.48,1.127,10285.520000000004,12.7,1.091,83930.62,0.03600000000000003,-2665.1399999999994,-3.2
California,2023,95521,84280.31,1.133,11240.690000000002,13.3,1.098,86984.47,0.03499999999999992,-2704.1600000000035,-3.1
Colorado,2008,56993,52361.51,1.088,4631.489999999998,8.8,1.083,52647.63,0.0050000000000001155,-286.11999999999534,-0.5
Colorado,2009,55430,51318.83,1.08,4111.169999999998,8.0,1.073,51658.68,0.007000000000000117,-339.84999999999854,-0.7
Colorado,2010,54046,51461.61,1.05,2584.3899999999994,5.0,1.041,51904.37,0.009000000000000119,-442.76000000000204,-0.9
Colorado,2011,55387,54653.43,1.013,733.5699999999997,1.3,1.001,55327.3,0.01200000000000001,-673.8700000000026,-1.2
Colorado,2012,56765,55457.61,1.024,1307.3899999999994,2.4,1.011,56127.79,0.013000000000000123,-670.1800000000003,-1.2
Colorado,2013,58823,56583.94,1.04,2239.0599999999977,4.0,1.028,57225.66,0.01200000000000001,-641.7200000000012,-1.1
Colorado,2014,61303,57557.63,1.065,3745.3700000000026,6.5,1.051,58303.77,0.014000000000000012,-746.1399999999994,-1.3
Colorado,2015,63909,57933.56,1.103,5975.440000000002,10.3,1.089,58694.11,0.014000000000000012,-760.5500000000029,-1.3
Colorado,2016,65685,58963.28,1.114,6721.720000000001,11.4,1.102,59608.64,0.01200000000000001,-645.3600000000006,-1.1
Colorado,2017,69117,60904.91,1.135,8212.089999999997,13.5,1.123,61524.72,0.01200000000000001,-619.8099999999977,-1.0
Colorado,2018,71953,61404.17,1.172,10548.830000000002,17.2,1.16,62036.7,0.01200000000000001,-632.5299999999988,-1.0
Colorado,2019,77127,64074.76,1.204,13052.239999999998,20.4,1.194,64620.35,0.010000000000000009,-545.5899999999965,-0.8
Colorado,2021,82254,68009.61,1.209,14244.39,20.9,1.202,68418.58,0.007000000000000117,-408.97000000000116,-0.6
Colorado,2022,89302,73413.49,1.216,15888.509999999995,21.6,1.209,73877.83,0.006999999999999895,-464.3399999999965,-0.6
Colorado,2023,92911,75888.84,1.224,17022.160000000003,22.4,1.215,76479.71,0.008999999999999897,-590.8700000000099,-0.8
Connecticut,2008,68595,56723.62,1.209,11871.379999999997,20.9,1.206,56857.39,0.0030000000000001137,-133.7699999999968,-0.2
Connecticut,2009,67034,56900.95,1.178,10133.050000000003,17.8,1.175,57069.57,0.0029999999999998916,-168.62000000000262,-0.3
Connecticut,2010,64032,55393.93,1.156,8638.07,15.6,1.151,55640.64,0.004999999999999893,-246.70999999999913,-0.4
Connecticut,2011,65753,57742.49,1.139,8010.510000000002,13.9,1.132,58067.91,0.007000000000000117,-325.42000000000553,-0.6
Connecticut,2012,67276,59085.16,1.139,8190.8399999999965,13.9,1.131,59500.0,0.008000000000000007,-414.8399999999965,-0.7
Connecticut,2013,67098,59640.54,1.125,7457.459999999999,12.5,1.116,60127.85,0.008999999999999897,-487.3099999999977,-0.8
Connecticut,2014,70048,60143.84,1.165,9904.160000000003,16.5,1.156,60610.3,0.009000000000000119,-466.4600000000064,-0.8
Connecticut,2015,71346,60867.46,1.172,10478.54,17.2,1.162,61409.68,0.010000000000000009,-542.2200000000012,-0.9
Connecticut,2016,73433,60700.25,1.21,12732.75,21.0,1.196,61407.65,0.014000000000000012,-707.4000000000015,-1.2
Connecticut,2017,74168,61481.42,1.206,12686.580000000002,20.6,1.197,61970.21,0.008999999999999897,-488.7900000000009,-0.8
Connecticut,2018,76348,61898.18,1.233,14449.82,23.3,1.222,62454.22,0.01100000000000012,-556.0400000000009,-0.9
Connecticut,2019,78833,62003.14,1.271,16829.86,27.1,1.258,62650.89,0.0129999999999999,-647.75,-1.0
Connecticut,2021,83771,65905.42,1.271,17865.58,27.1,1.262,66378.2,0.008999999999999897,-472.77999999999884,-0.7
Connecticut,2022,88429,72791.8,1.215,15637.199999999997,21.5,1.206,73330.73,0.009000000000000119,-538.929999999993,-0.7
Connecticut,2023,91665,73758.68,1.243,17906.320000000007,24.3,1.232,74377.3,0.01100000000000012,-618.6200000000099,-0.8
Delaware,2008,57989,49451.62,1.173,8537.379999999997,17.3,1.177,49253.13,-0.0040000000000000036,198.49000000000524,0.4
Delaware,2009,56860,50553.53,1.125,6306.470000000001,12.5,1.131,50277.48,-0.006000000000000005,276.04999999999563,0.5
Delaware,2010,55847,50672.77,1.102,5174.230000000003,10.2,1.106,50482.05,-0.0040000000000000036,190.7199999999939,0.4
Delaware,2011,58814,52035.0,1.13,6779.0,13.0,1.132,51935.12,-0.0020000000000000018,99.87999999999738,0.2
Delaware,2012,58415,52585.53,1.111,5829.470000000001,11.1,1.112,52532.7,-0.001000000000000112,52.830000000001746,0.1
Delaware,2013,57846,53026.8,1.091,4819.199999999997,9.1,1.093,52914.59,-0.0020000000000000018,112.2100000000064,0.2
Delaware,2014,59716,54688.43,1.092,5027.57,9.2,1.092,54664.41,0.0,24.0199999999968,0.0
Delaware,2015,61255,53058.48,1.154,8196.519999999997,15.4,1.156,53011.07,-0.0020000000000000018,47.41000000000349,0.1
Delaware,2016,61757,53809.96,1.148,7947.040000000001,14.8,1.147,53822.63,0.0009999999999998899,-12.669999999998254,-0.0
Delaware,2017,62852,55027.9,1.142,7824.0999999999985,14.2,1.143,54969.61,-0.001000000000000112,58.29000000000087,0.1
Delaware,2018,64805,57391.5,1.129,7413.5,12.9,1.131,57310.6,-0.0020000000000000018,80.90000000000146,0.1
Delaware,2019,70176,57653.71,1.217,12522.29,21.7,1.218,57630.27,-0.0009999999999998899,23.44000000000233,0.0
Delaware,2021,71091,60953.45,1.166,10137.550000000003,16.6,1.17,60745.14,-0.0040000000000000036,208.30999999999767,0.3
Delaware,2022,82174,66767.72,1.231,15406.279999999999,23.1,1.238,66373.52,-0.006999999999999895,394.1999999999971,0.6
Delaware,2023,81361,70144.09,1.16,11216.910000000003,16.0,1.166,69778.75,-0.006000000000000005,365.3399999999965,0.5
Florida,2008,47778,51581.55,0.926,-3803.550000000003,-7.4,0.926,51611.62,0.0,-30.06999999999971,-0.1
Florida,2009,44736,50104.32,0.893,-5368.32,-10.7,0.89,50241.01,0.0030000000000000027,-136.69000000000233,-0.3
Florida,2010,44409,50788.55,0.874,-6379.550000000003,-12.6,0.872,50951.28,0.0020000000000000018,-162.72999999999593,-0.3
Florida,2011,44299,52614.44,0.842,-8315.440000000002,-15.8,0.837,52903.38,0.0050000000000000044,-288.93999999999505,-0.5
Florida,2012,45040,53865.27,0.836,-8825.269999999997,-16.4,0.83,54271.01,0.006000000000000005,-405.74000000000524,-0.7
Florida,2013,46036,54367.61,0.847,-8331.61,-15.3,0.839,54841.4,0.008000000000000007,-473.7900000000009,-0.9
Florida,2014,47463,55273.74,0.859,-7810.739999999998,-14.1,0.85,55830.47,0.009000000000000008,-556.7300000000032,-1.0
Florida,2015,49426,55383.81,0.892,-5957.809999999998,-10.8,0.883,55973.82,0.009000000000000008,-590.010000000002,-1.1
Florida,2016,50860,56049.29,0.907,-5189.290000000001,-9.3,0.898,56612.53,0.009000000000000008,-563.239999999998,-1.0
Florida,2017,52594,57634.35,0.913,-5040.3499999999985,-8.7,0.905,58112.11,0.008000000000000007,-477.76000000000204,-0.8
Florida,2018,55462,58967.54,0.941,-3505.540000000001,-5.9,0.934,59375.0,0.006999999999999895,-407.4599999999991,-0.7
Florida,2019,59227,59857.0,0.989,-630.0,-1.1,0.983,60245.14,0.006000000000000005,-388.1399999999994,-0.6
Florida,2021,63062,64692.5,0.975,-1630.5,-2.5,0.971,64961.56,0.0040000000000000036,-269.0599999999977,-0.4
Florida,2022,69303,70898.48,0.977,-1595.479999999996,-2.3,0.973,71200.12,0.0040000000000000036,-301.6399999999994,-0.4
Florida,2023,73311,75581.4,0.97,-2270.399999999994,-3.0,0.967,75811.47,0.0030000000000000027,-230.07000000000698,-0.3
Georgia,2008,50861,45532.05,1.117,5328.949999999997,11.7,1.114,45672.25,0.0029999999999998916,-140.1999999999971,-0.3
Georgia,2009,47590,44502.39,1.069,3087.6100000000006,6.9,1.066,44662.66,0.0029999999999998916,-160.27000000000407,-0.4
Georgia,2010,46430,46110.87,1.007,319.1299999999974,0.7,1.003,46283.79,0.0040000000000000036,-172.91999999999825,-0.4
Georgia,2011,46007,47376.7,0.971,-1369.699999999997,-2.9,0.966,47615.8,0.0050000000000000044,-239.10000000000582,-0.5
Georgia,2012,47209,48953.98,0.964,-1744.9800000000032,-3.6,0.959,49241.56,0.0050000000000000044,-287.57999999999447,-0.6
Georgia,2013,47829,49366.6,0.969,-1537.5999999999985,-3.1,0.962,49693.13,0.007000000000000006,-326.52999999999884,-0.7
Georgia,2014,49321,50077.62,0.985,-756.6200000000026,-1.5,0.978,50422.97,0.007000000000000006,-345.34999999999854,-0.7
Georgia,2015,51244,49827.6,1.028,1416.4000000000015,2.8,1.021,50207.1,0.007000000000000117,-379.5,-0.8
Georgia,2016,53559,50528.48,1.06,3030.519999999997,6.0,1.051,50946.49,0.009000000000000119,-418.00999999999476,-0.8
Georgia,2017,56183,51917.99,1.082,4265.010000000002,8.2,1.074,52290.37,0.008000000000000007,-372.38000000000466,-0.7
Georgia,2018,58756,53234.9,1.104,5521.0999999999985,10.4,1.097,53546.99,0.007000000000000117,-312.0899999999965,-0.6
Georgia,2019,61980,53917.77,1.15,8062.230000000003,15.0,1.143,54212.0,0.006999999999999895,-294.2300000000032,-0.5
Georgia,2021,66559,58382.88,1.14,8176.120000000003,14.0,1.136,58603.98,0.0040000000000000036,-221.10000000000582,-0.4
Georgia,2022,72837,63658.6,1.144,9178.400000000001,14.4,1.14,63907.29,0.0040000000000000036,-248.69000000000233,-0.4
Georgia,2023,74632,66805.29,1.117,7826.710000000006,11.7,1.113,67032.14,0.0040000000000000036,-226.85000000000582,-0.3
Hawaii,2008,67214,56844.28,1.182,10369.720000000001,18.2,1.157,58070.55,0.02499999999999991,-1226.270000000004,-2.1
Hawaii,2009,64098,56944.58,1.126,7153.419999999998,12.6,1.097,58440.81,0.028999999999999915,-1496.229999999996,-2.6
Hawaii,2010,63030,57085.18,1.104,5944.82,10.4,1.08,58346.88,0.02400000000000002,-1261.699999999997,-2.2
Hawaii,2011,61821,58960.36,1.049,2860.6399999999994,4.9,1.024,60363.23,0.02499999999999991,-1402.8700000000026,-2.3
Hawaii,2012,66259,59162.24,1.12,7096.760000000002,12.0,1.099,60301.51,0.02100000000000013,-1139.270000000004,-1.9
Hawaii,2013,68020,62937.4,1.081,5082.5999999999985,8.1,1.052,64674.24,0.028999999999999915,-1736.8399999999965,-2.7
Hawaii,2014,69592,62894.94,1.106,6697.059999999998,10.6,1.081,64388.03,0.025000000000000133,-1493.0899999999965,-2.3
Hawaii,2015,73486,64230.61,1.144,9255.39,14.4,1.114,65959.57,0.029999999999999805,-1728.9600000000064,-2.6
Hawaii,2016,74511,63045.59,1.182,11465.410000000003,18.2,1.157,64383.46,0.02499999999999991,-1337.8700000000026,-2.1
Hawaii,2017,77765,66285.55,1.173,11479.449999999997,17.3,1.148,67747.7,0.025000000000000133,-1462.1499999999942,-2.2
Hawaii,2018,80212,67687.64,1.185,12524.36,18.5,1.162,69016.16,0.02300000000000013,-1328.520000000004,-1.9
Hawaii,2019,83102,69168.53,1.201,13933.470000000001,20.1,1.182,70317.87,0.019000000000000128,-1149.3399999999965,-1.6
Hawaii,2021,84857,73006.74,1.162,11850.259999999995,16.2,1.149,73832.26,0.0129999999999999,-825.5199999999895,-1.1
Hawaii,2022,92458,77524.06,1.193,14933.940000000002,19.3,1.18,78330.58,0.013000000000000123,-806.5200000000041,-1.0
Hawaii,2023,95322,78592.2,1.213,16729.800000000003,21.3,1.201,79374.18,0.01200000000000001,-781.9799999999959,-1.0
Idaho,2008,47576,46570.29,1.022,1005.7099999999991,2.2,1.023,46509.55,-0.0009999999999998899,60.73999999999796,0.1
Idaho,2009,44926,45983.86,0.977,-1057.8600000000006,-2.3,0.979,45890.82,-0.0020000000000000018,93.04000000000087,0.2
Idaho,2010,43490,45809.5,0.949,-2319.5,-5.1,0.949,45831.89,0.0,-22.389999999999418,-0.0
Idaho,2011,43341,47794.09,0.907,-4453.0899999999965,-9.3,0.905,47865.02,0.0020000000000000018,-70.93000000000029,-0.1
Idaho,2012,45489,48465.06,0.939,-2976.0599999999977,-6.1,0.937,48555.81,0.0019999999999998908,-90.75,-0.2
Idaho,2013,46783,49476.67,0.946,-2693.6699999999983,-5.4,0.945,49515.39,0.0010000000000000009,-38.720000000001164,-0.1
Idaho,2014,47861,49995.19,0.957,-2134.1900000000023,-4.3,0.955,50115.04,0.0020000000000000018,-119.84999999999854,-0.2
Idaho,2015,48275,49933.8,0.967,-1658.800000000003,-3.3,0.966,49988.19,0.0010000000000000009,-54.38999999999942,-0.1
Idaho,2016,51807,49803.85,1.04,2003.1500000000015,4.0,1.039,49885.89,0.001000000000000112,-82.04000000000087,-0.2
Idaho,2017,52225,51783.21,1.009,441.7900000000009,0.9,1.008,51799.91,0.0009999999999998899,-16.700000000004366,-0.0
Idaho,2018,55583,52142.83,1.066,3440.1699999999983,6.6,1.067,52096.61,-0.0009999999999998899,46.220000000001164,0.1
Idaho,2019,60999,53421.46,1.142,7577.540000000001,14.2,1.144,53323.03,-0.0020000000000000018,98.43000000000029,0.2
Idaho,2021,66474,57211.16,1.162,9262.839999999997,16.2,1.165,57074.59,-0.0030000000000001137,136.57000000000698,0.2
Idaho,2022,72785,62709.82,1.161,10075.18,16.1,1.164,62518.54,-0.0029999999999998916,191.27999999999884,0.3
Idaho,2023,74942,64658.42,1.159,10283.580000000002,15.9,1.163,64464.16,-0.0040000000000000036,194.25999999999476,0.3
Illinois,2008,56235,49902.31,1.127,6332.690000000002,12.7,1.125,49969.6,0.0020000000000000018,-67.29000000000087,-0.1
Illinois,2009,53966,50057.44,1.078,3908.5599999999977,7.8,1.074,50249.65,0.0040000000000000036,-192.20999999999913,-0.4
Illinois,2010,52972,51236.32,1.034,1735.6800000000003,3.4,1.03,51452.85,0.0040000000000000036,-216.52999999999884,-0.4
Illinois,2011,53234,53106.89,1.002,127.11000000000058,0.2,0.998,53359.77,0.0040000000000000036,-252.87999999999738,-0.5
Illinois,2012,55137,53552.88,1.03,1584.1200000000026,3.0,1.024,53864.37,0.006000000000000005,-311.49000000000524,-0.6
Illinois,2013,56210,54060.34,1.04,2149.6600000000035,4.0,1.032,54451.94,0.008000000000000007,-391.6000000000058,-0.7
Illinois,2014,57444,54661.58,1.051,2782.4199999999983,5.1,1.043,55102.13,0.008000000000000007,-440.54999999999563,-0.8
Illinois,2015,59588,54156.12,1.1,5431.879999999997,10.0,1.091,54621.47,0.009000000000000119,-465.34999999999854,-0.9
Illinois,2016,60960,54678.54,1.115,6281.459999999999,11.5,1.106,55139.9,0.008999999999999897,-461.3600000000006,-0.8
Illinois,2017,62992,56239.96,1.12,6752.040000000001,12.0,1.113,56612.33,0.007000000000000117,-372.3700000000026,-0.7
Illinois,2018,65030,57708.91,1.127,7321.0899999999965,12.7,1.119,58108.63,0.008000000000000007,-399.7199999999939,-0.7
Illinois,2019,69187,58449.34,1.184,10737.660000000003,18.4,1.176,58846.42,0.008000000000000007,-397.08000000000175,-0.7
Illinois,2021,72205,62678.79,1.152,9526.21,15.2,1.148,62916.95,0.0040000000000000036,-238.15999999999622,-0.4
Illinois,2022,76708,67484.71,1.137,9223.289999999994,13.7,1.132,67769.15,0.0050000000000001155,-284.4399999999878,-0.4
Illinois,2023,80306,68740.23,1.168,11565.770000000004,16.8,1.164,69000.09,0.0040000000000000036,-259.8600000000006,-0.4
Indiana,2008,47966,44336.17,1.082,3629.8300000000017,8.2,1.084,44230.63,-0.0020000000000000018,105.54000000000087,0.2
Indiana,2009,45424,44056.01,1.031,1367.989999999998,3.1,1.032,44034.22,-0.001000000000000112,21.790000000000873,0.0
Indiana,2010,44613,45458.55,0.981,-845.5500000000029,-1.9,0.982,45441.27,-0.0010000000000000009,17.280000000006112,0.0
Indiana,2011,46438,46868.41,0.991,-430.4100000000035,-0.9,0.99,46885.33,0.0010000000000000009,-16.919999999998254,-0.0
Indiana,2012,46974,47900.24,0.981,-926.239999999998,-1.9,0.98,47932.41,0.0010000000000000009,-32.17000000000553,-0.1
Indiana,2013,47529,48642.07,0.977,-1113.0699999999997,-2.3,0.975,48727.08,0.0020000000000000018,-85.01000000000204,-0.2
Indiana,2014,49446,49320.63,1.003,125.37000000000262,0.3,1.001,49398.66,0.0020000000000000018,-78.03000000000611,-0.2
Indiana,2015,50532,48447.79,1.043,2084.209999999999,4.3,1.041,48547.48,0.0020000000000000018,-99.69000000000233,-0.2
Indiana,2016,52314,48747.02,1.073,3566.980000000003,7.3,1.071,48840.99,0.0020000000000000018,-93.97000000000116,-0.2
Indiana,2017,54181,49561.12,1.093,4619.879999999997,9.3,1.092,49618.23,0.0009999999999998899,-57.11000000000058,-0.1
Indiana,2018,55746,51676.34,1.079,4069.6600000000035,7.9,1.077,51740.93,0.0020000000000000018,-64.59000000000378,-0.1
Indiana,2019,57603,52409.9,1.099,5193.0999999999985,9.9,1.098,52450.29,0.0009999999999998899,-40.38999999999942,-0.1
Indiana,2021,62743,55438.64,1.132,7304.360000000001,13.2,1.133,55376.76,-0.001000000000000112,61.87999999999738,0.1
Indiana,2022,66785,59617.35,1.12,7167.6500000000015,12.0,1.121,59571.21,-0.0009999999999998899,46.13999999999942,0.1
Indiana,2023,69477,62095.03,1.119,7381.970000000001,11.9,1.119,62070.17,0.0,24.860000000000582,0.0
Iowa,2008,48980,41573.16,1.178,7406.8399999999965,17.8,1.182,41434.25,-0.0040000000000000036,138.9100000000035,0.3
Iowa,2009,48044,42544.35,1.129,5499.6500000000015,12.9,1.132,42426.53,-0.0029999999999998916,117.81999999999971,0.3
Iowa,2010,47961,44122.21,1.087,3838.790000000001,8.7,1.09,43997.4,-0.0030000000000001137,124.80999999999767,0.3
Iowa,2011,49427,45517.68,1.086,3909.3199999999997,8.6,1.089,45386.67,-0.0029999999999998916,131.01000000000204,0.3
Iowa,2012,50957,46887.75,1.087,4069.25,8.7,1.089,46785.67,-0.0020000000000000018,102.08000000000175,0.2
Iowa,2013,52229,47526.28,1.099,4702.720000000001,9.9,1.1,47481.71,-0.001000000000000112,44.56999999999971,0.1
Iowa,2014,53712,48438.74,1.109,5273.260000000002,10.9,1.11,48388.8,-0.001000000000000112,49.93999999999505,0.1
Iowa,2015,54736,47462.21,1.153,7273.790000000001,15.3,1.154,47425.22,-0.0009999999999998899,36.98999999999796,0.1
Iowa,2016,56247,47956.79,1.173,8290.21,17.3,1.174,47923.4,-0.0009999999999998899,33.38999999999942,0.1
Iowa,2017,58570,49067.67,1.194,9502.330000000002,19.4,1.196,48967.4,-0.0020000000000000018,100.2699999999968,0.2
Iowa,2018,59955,51061.23,1.174,8893.769999999997,17.4,1.176,50981.47,-0.0020000000000000018,79.76000000000204,0.2
Iowa,2019,61691,51778.07,1.191,9912.93,19.1,1.192,51749.85,-0.0009999999999998899,28.220000000001164,0.1
Iowa,2021,65600,53516.53,1.226,12083.470000000001,22.6,1.228,53419.61,-0.0020000000000000018,96.91999999999825,0.2
Iowa,2022,69588,57453.76,1.211,12134.239999999998,21.1,1.214,57333.23,-0.0029999999999998916,120.52999999999884,0.2
Iowa,2023,71433,59943.09,1.192,11489.910000000003,19.2,1.194,59834.57,-0.0020000000000000018,108.5199999999968,0.2
Kansas,2008,50177,42858.01,1.171,7318.989999999998,17.1,1.17,42891.5,0.001000000000000112,-33.48999999999796,-0.1
Kansas,2009,47817,43440.18,1.101,4376.82,10.1,1.098,43563.34,0.0029999999999998916,-123.15999999999622,-0.3
Kansas,2010,48257,44922.64,1.074,3334.3600000000006,7.4,1.072,45027.01,0.0020000000000000018,-104.37000000000262,-0.2
Kansas,2011,48964,46854.03,1.045,2109.970000000001,4.5,1.042,46981.7,0.0029999999999998916,-127.66999999999825,-0.3
Kansas,2012,50241,47881.46,1.049,2359.540000000001,4.9,1.045,48081.95,0.0040000000000000036,-200.48999999999796,-0.4
Kansas,2013,50972,48169.4,1.058,2802.5999999999985,5.8,1.054,48373.05,0.0040000000000000036,-203.65000000000146,-0.4
Kansas,2014,52504,49087.06,1.07,3416.9400000000023,7.0,1.066,49256.55,0.0040000000000000036,-169.49000000000524,-0.3
Kansas,2015,53906,48845.32,1.104,5060.68,10.4,1.099,49041.56,0.0050000000000001155,-196.23999999999796,-0.4
Kansas,2016,54935,48793.38,1.126,6141.620000000003,12.6,1.121,49024.79,0.004999999999999893,-231.4100000000035,-0.5
Kansas,2017,56422,49581.57,1.138,6840.43,13.8,1.133,49804.03,0.004999999999999893,-222.45999999999913,-0.4
Kansas,2018,58218,50948.0,1.143,7270.0,14.3,1.138,51149.78,0.0050000000000001155,-201.77999999999884,-0.4
Kansas,2019,62087,52140.49,1.191,9946.510000000002,19.1,1.186,52329.13,0.0050000000000001155,-188.63999999999942,-0.4
Kansas,2021,64124,54177.63,1.184,9946.370000000003,18.4,1.18,54332.75,0.0040000000000000036,-155.12000000000262,-0.3
Kansas,2022,68925,58101.53,1.186,10823.470000000001,18.6,1.184,58227.48,0.0020000000000000018,-125.95000000000437,-0.2
Kansas,2023,70333,60404.08,1.164,9928.919999999998,16.4,1.161,60582.58,0.0029999999999998916,-178.5,-0.3
Kentucky,2008,41538,42818.14,0.97,-1280.1399999999994,-3.0,0.97,42841.89,0.0,-23.75,-0.1
Kentucky,2009,40072,41826.35,0.958,-1754.3499999999985,-4.2,0.957,41886.93,0.0010000000000000009,-60.580000000001746,-0.1
Kentucky,2010,40062,43684.18,0.917,-3622.1800000000003,-8.3,0.916,43749.74,0.0010000000000000009,-65.55999999999767,-0.1
Kentucky,2011,41141,45085.63,0.913,-3944.6299999999974,-8.7,0.912,45131.98,0.0010000000000000009,-46.35000000000582,-0.1
Kentucky,2012,41724,46084.74,0.905,-4360.739999999998,-9.5,0.903,46224.69,0.0020000000000000018,-139.95000000000437,-0.3
Kentucky,2013,43399,46914.38,0.925,-3515.3799999999974,-7.5,0.923,47029.19,0.0020000000000000018,-114.81000000000495,-0.2
Kentucky,2014,42958,47445.11,0.905,-4487.110000000001,-9.5,0.902,47620.64,0.0030000000000000027,-175.52999999999884,-0.4
Kentucky,2015,45215,47100.49,0.96,-1885.489999999998,-4.0,0.957,47271.27,0.0030000000000000027,-170.77999999999884,-0.4
Kentucky,2016,46659,47449.99,0.983,-790.989999999998,-1.7,0.98,47591.81,0.0030000000000000027,-141.8199999999997,-0.3
Kentucky,2017,48375,48112.42,1.005,262.58000000000175,0.5,1.002,48268.9,0.0029999999999998916,-156.4800000000032,-0.3
Kentucky,2018,50247,49124.49,1.023,1122.510000000002,2.3,1.021,49236.21,0.0020000000000000018,-111.72000000000116,-0.2
Kentucky,2019,52295,50230.3,1.041,2064.699999999997,4.1,1.038,50373.99,0.0029999999999998916,-143.68999999999505,-0.3
Kentucky,2021,55573,52973.62,1.049,2599.3799999999974,4.9,1.048,53032.89,0.0009999999999998899,-59.2699999999968,-0.1
Kentucky,2022,59341,57379.7,1.034,1961.300000000003,3.4,1.033,57433.44,0.001000000000000112,-53.74000000000524,-0.1
Kentucky,2023,61118,60118.86,1.017,999.1399999999994,1.7,1.016,60182.71,0.0009999999999998899,-63.849999999998545,-0.1
Louisiana,2008,43733,43375.24,1.008,357.76000000000204,0.8,1.007,43427.64,0.001000000000000112,-52.400000000001455,-0.1
Louisiana,2009,42492,42934.21,0.99,-442.2099999999991,-1.0,0.988,43018.49,0.0020000000000000018,-84.27999999999884,-0.2
Louisiana,2010,42505,44619.41,0.953,-2114.4100000000035,-4.7,0.951,44707.94,0.0020000000000000018,-88.52999999999884,-0.2
Louisiana,2011,41734,46500.91,0.897,-4766.9100000000035,-10.3,0.895,46639.51,0.0020000000000000018,-138.59999999999854,-0.3
Louisiana,2012,42944,47683.09,0.901,-4739.0899999999965,-9.9,0.897,47871.35,0.0040000000000000036,-188.26000000000204,-0.4
Louisiana,2013,44164,48261.59,0.915,-4097.5899999999965,-8.5,0.912,48430.81,0.0030000000000000027,-169.22000000000116,-0.3
Louisiana,2014,44555,49127.92,0.907,-4572.919999999998,-9.3,0.903,49366.9,0.0040000000000000036,-238.9800000000032,-0.5
Louisiana,2015,45727,48518.75,0.942,-2791.75,-5.8,0.938,48748.28,0.0040000000000000036,-229.52999999999884,-0.5
Louisiana,2016,45146,49456.02,0.913,-4310.019999999997,-8.7,0.908,49736.49,0.0050000000000000044,-280.47000000000116,-0.6
Louisiana,2017,46145,49940.64,0.924,-3795.6399999999994,-7.6,0.92,50156.12,0.0040000000000000036,-215.4800000000032,-0.4
Louisiana,2018,47905,50286.12,0.953,-2381.1200000000026,-4.7,0.949,50476.56,0.0040000000000000036,-190.43999999999505,-0.4
Louisiana,2019,51073,51574.75,0.99,-501.75,-1.0,0.987,51750.98,0.0030000000000000027,-176.2300000000032,-0.3
Louisiana,2021,52087,54313.2,0.959,-2226.199999999997,-4.1,0.957,54419.79,0.0020000000000000018,-106.59000000000378,-0.2
Louisiana,2022,55416,58390.41,0.949,-2974.4100000000035,-5.1,0.947,58495.1,0.0020000000000000018,-104.68999999999505,-0.2
Louisiana,2023,58229,59266.86,0.982,-1037.8600000000006,-1.8,0.981,59352.48,0.0010000000000000009,-85.62000000000262,-0.1
Maine,2008,46581,47471.37,0.981,-890.3700000000026,-1.9,0.984,47317.89,-0.0030000000000000027,153.4800000000032,0.3
Maine,2009,45734,47410.86,0.965,-1676.8600000000006,-3.5,0.969,47213.13,-0.0040000000000000036,197.7300000000032,0.4
Maine,2010,45815,48111.37,0.952,-2296.3700000000026,-4.8,0.957,47895.77,-0.0050000000000000044,215.60000000000582,0.5
Maine,2011,46033,48992.03,0.94,-2959.029999999999,-6.0,0.941,48923.76,-0.0010000000000000009,68.2699999999968,0.1
Maine,2012,46709,50668.79,0.922,-3959.790000000001,-7.8,0.924,50560.07,-0.0020000000000000018,108.72000000000116,0.2
Maine,2013,46974,51992.2,0.903,-5018.199999999997,-9.7,0.904,51975.16,-0.0010000000000000009,17.039999999993597,0.0
Maine,2014,49462,48794.63,1.014,667.3700000000026,1.4,1.015,48742.17,-0.0009999999999998899,52.45999999999913,0.1
Maine,2015,51494,50488.72,1.02,1005.2799999999988,2.0,1.021,50430.94,-0.0009999999999998899,57.779999999998836,0.1
Maine,2016,53079,52317.77,1.015,761.2300000000032,1.5,1.017,52167.54,-0.0020000000000000018,150.22999999999593,0.3
Maine,2017,56277,53255.67,1.057,3021.3300000000017,5.7,1.061,53025.92,-0.0040000000000000036,229.75,0.4
Maine,2018,55602,55054.47,1.01,547.5299999999988,1.0,1.012,54952.67,-0.0020000000000000018,101.80000000000291,0.2
Maine,2019,58924,53613.88,1.099,5310.120000000003,9.9,1.101,53500.51,-0.0020000000000000018,113.36999999999534,0.2
Maine,2021,64767,59062.06,1.097,5704.940000000002,9.7,1.104,58688.9,-0.007000000000000117,373.1599999999962,0.6
Maine,2022,69543,65961.54,1.054,3581.4600000000064,5.4,1.06,65601.02,-0.006000000000000005,360.5199999999895,0.5
Maine,2023,73733,65958.96,1.118,7774.039999999994,11.8,1.123,65659.93,-0.004999999999999893,299.0300000000134,0.5
Maryland,2008,70545,56064.69,1.258,14480.309999999998,25.8,1.257,56123.71,0.001000000000000112,-59.0199999999968,-0.1
Maryland,2009,69272,56431.73,1.228,12840.269999999997,22.8,1.224,56597.38,0.0040000000000000036,-165.64999999999418,-0.3
Maryland,2010,68854,56387.77,1.221,12466.230000000003,22.1,1.214,56719.57,0.007000000000000117,-331.8000000000029,-0.6
Maryland,2011,70004,59007.6,1.186,10996.400000000001,18.6,1.18,59319.5,0.006000000000000005,-311.90000000000146,-0.5
Maryland,2012,71122,59319.62,1.199,11802.379999999997,19.9,1.191,59716.85,0.008000000000000007,-397.2299999999959,-0.7
Maryland,2013,72483,61062.66,1.187,11420.339999999997,18.7,1.179,61490.32,0.008000000000000007,-427.6599999999962,-0.7
Maryland,2014,73971,61566.97,1.201,12404.029999999999,20.1,1.192,62069.29,0.009000000000000119,-502.3199999999997,-0.8
Maryland,2015,75847,60859.61,1.246,14987.39,24.6,1.237,61315.8,0.008999999999999897,-456.1900000000023,-0.7
Maryland,2016,78945,61024.3,1.294,17920.699999999997,29.4,1.284,61459.81,0.010000000000000009,-435.50999999999476,-0.7
Maryland,2017,80776,62254.65,1.298,18521.35,29.8,1.29,62615.82,0.008000000000000007,-361.16999999999825,-0.6
Maryland,2018,83242,63942.13,1.302,19299.870000000003,30.2,1.295,64298.69,0.007000000000000117,-356.56000000000495,-0.6
Maryland,2019,86738,64546.65,1.344,22191.35,34.4,1.336,64930.31,0.008000000000000007,-383.6599999999962,-0.6
Maryland,2021,90203,68505.61,1.317,21697.39,31.7,1.312,68759.3,0.004999999999999893,-253.69000000000233,-0.4
Maryland,2022,94991,73557.14,1.291,21433.86,29.1,1.286,73843.86,0.004999999999999893,-286.72000000000116,-0.4
Maryland,2023,98678,75604.68,1.305,23073.320000000007,30.5,1.301,75860.87,0.0040000000000000036,-256.1900000000023,-0.3
Massachusetts,2008,65401,53582.13,1.221,11818.870000000003,22.1,1.206,54236.02,0.015000000000000124,-653.8899999999994,-1.2
Massachusetts,2009,64081,53342.74,1.201,10738.260000000002,20.1,1.185,54090.88,0.016000000000000014,-748.1399999999994,-1.4
Massachusetts,2010,62072,54028.08,1.149,8043.919999999998,14.9,1.129,54976.77,0.020000000000000018,-948.689999999995,-1.7
Massachusetts,2011,62859,56018.12,1.122,6840.879999999997,12.2,1.103,56967.03,0.019000000000000128,-948.9099999999962,-1.7
Massachusetts,2012,65339,57190.4,1.142,8148.5999999999985,14.2,1.123,58175.66,0.018999999999999906,-985.260000000002,-1.7
Massachusetts,2013,66768,57631.64,1.159,9136.36,15.9,1.138,58695.43,0.02100000000000013,-1063.7900000000009,-1.8
Massachusetts,2014,69160,59410.82,1.164,9749.18,16.4,1.143,60501.89,0.020999999999999908,-1091.0699999999997,-1.8
Massachusetts,2015,70628,59307.61,1.191,11320.39,19.1,1.17,60362.05,0.02100000000000013,-1054.4400000000023,-1.7
Massachusetts,2016,75297,61131.18,1.232,14165.82,23.2,1.211,62202.84,0.020999999999999908,-1071.6599999999962,-1.7
Massachusetts,2017,77385,62308.67,1.242,15076.330000000002,24.2,1.221,63380.09,0.020999999999999908,-1071.4199999999983,-1.7
Massachusetts,2018,79835,63467.33,1.258,16367.669999999998,25.8,1.237,64524.04,0.020999999999999908,-1056.7099999999991,-1.6
Massachusetts,2019,85843,65037.65,1.32,20805.35,32.0,1.299,66066.48,0.02100000000000013,-1028.8299999999945,-1.6
Massachusetts,2021,89645,69045.54,1.298,20599.460000000006,29.8,1.282,69910.76,0.016000000000000014,-865.2200000000012,-1.2
Massachusetts,2022,94488,75813.91,1.246,18674.089999999997,24.6,1.23,76811.67,0.016000000000000014,-997.7599999999948,-1.3
Massachusetts,2023,99858,78103.0,1.279,21755.0,27.9,1.261,79169.09,0.018000000000000016,-1066.0899999999965,-1.3
Michigan,2008,48591,46993.4,1.034,1597.5999999999985,3.4,1.041,46676.46,-0.006999999999999895,316.9400000000023,0.7
Michigan,2009,45255,46399.0,0.975,-1144.0,-2.5,0.98,46168.42,-0.0050000000000000044,230.58000000000175,0.5
Michigan,2010,45413,47566.6,0.955,-2153.5999999999985,-4.5,0.959,47362.42,-0.0040000000000000036,204.1800000000003,0.4
Michigan,2011,45981,48631.28,0.946,-2650.279999999999,-5.4,0.948,48517.06,-0.0020000000000000018,114.22000000000116,0.2
Michigan,2012,46859,49508.81,0.946,-2649.8099999999977,-5.4,0.948,49434.65,-0.0020000000000000018,74.15999999999622,0.2
Michigan,2013,48273,50192.95,0.962,-1919.949999999997,-3.8,0.963,50152.88,-0.0010000000000000009,40.06999999999971,0.1
Michigan,2014,49847,51142.74,0.975,-1295.739999999998,-2.5,0.975,51128.74,0.0,14.0,0.0
Michigan,2015,51084,50005.83,1.022,1078.1699999999983,2.2,1.022,49979.76,0.0,26.06999999999971,0.1
Michigan,2016,52492,50694.92,1.035,1797.0800000000017,3.5,1.036,50673.35,-0.001000000000000112,21.56999999999971,0.0
Michigan,2017,54909,51379.06,1.069,3529.9400000000023,6.9,1.071,51285.99,-0.0020000000000000018,93.06999999999971,0.2
Michigan,2018,56697,53334.13,1.063,3362.8700000000026,6.3,1.065,53247.11,-0.0020000000000000018,87.0199999999968,0.2
Michigan,2019,59584,54634.93,1.091,4949.07,9.1,1.093,54510.43,-0.0020000000000000018,124.5,0.2
Michigan,2021,63498,57342.07,1.107,6155.93,10.7,1.112,57108.84,-0.0050000000000001155,233.2300000000032,0.4
Michigan,2022,66986,61816.57,1.084,5169.43,8.4,1.088,61572.6,-0.0040000000000000036,243.97000000000116,0.4
Michigan,2023,69183,64343.99,1.075,4839.010000000002,7.5,1.08,64056.21,-0.0050000000000001155,287.77999999999884,0.4
Minnesota,2008,57288,48617.02,1.178,8670.980000000003,17.8,1.189,48161.48,-0.01100000000000012,455.5399999999936,0.9
Minnesota,2009,55616,48719.46,1.142,6896.540000000001,14.2,1.149,48387.21,-0.007000000000000117,332.25,0.7
Minnesota,2010,55459,48831.98,1.136,6627.019999999997,13.6,1.141,48588.53,-0.0050000000000001155,243.45000000000437,0.5
Minnesota,2011,56954,50550.49,1.127,6403.510000000002,12.7,1.132,50328.83,-0.004999999999999893,221.65999999999622,0.4
Minnesota,2012,58906,51850.52,1.136,7055.480000000003,13.6,1.139,51733.69,-0.0030000000000001137,116.82999999999447,0.2
Minnesota,2013,60702,52549.67,1.155,8152.330000000002,15.5,1.158,52413.76,-0.0029999999999998916,135.90999999999622,0.3
Minnesota,2014,61481,53657.47,1.146,7823.529999999999,14.6,1.149,53518.53,-0.0030000000000001137,138.94000000000233,0.3
Minnesota,2015,63488,53705.98,1.182,9782.019999999997,18.2,1.184,53623.12,-0.0020000000000000018,82.86000000000058,0.2
Minnesota,2016,65599,53745.2,1.221,11853.800000000003,22.1,1.223,53629.53,-0.0020000000000000018,115.66999999999825,0.2
Minnesota,2017,68388,55011.61,1.243,13376.39,24.3,1.246,54864.64,-0.0029999999999998916,146.97000000000116,0.3
Minnesota,2018,70315,57392.94,1.225,12922.059999999998,22.5,1.228,57251.61,-0.0029999999999998916,141.33000000000175,0.2
Minnesota,2019,74593,58443.42,1.276,16149.580000000002,27.6,1.28,58254.61,-0.0040000000000000036,188.80999999999767,0.3
Minnesota,2021,77720,61239.65,1.269,16480.35,26.9,1.274,60984.88,-0.0050000000000001155,254.77000000000407,0.4
Minnesota,2022,82338,66697.18,1.235,15640.820000000007,23.5,1.239,66480.62,-0.0040000000000000036,216.55999999999767,0.3
Minnesota,2023,85086,68758.29,1.237,16327.710000000006,23.7,1.241,68579.32,-0.0040000000000000036,178.9699999999866,0.3
Mississippi,2008,37790,41855.25,0.903,-4065.25,-9.7,0.903,41852.64,0.0,2.610000000000582,0.0
Mississippi,2009,36646,40441.71,0.906,-3795.709999999999,-9.4,0.906,40453.07,0.0,-11.360000000000582,-0.0
Mississippi,2010,36851,42573.85,0.866,-5722.8499999999985,-13.4,0.865,42578.19,0.0010000000000000009,-4.3400000000037835,-0.0
Mississippi,2011,36919,44400.55,0.831,-7481.550000000003,-16.9,0.831,44404.85,0.0,-4.299999999995634,-0.0
Mississippi,2012,37095,45010.15,0.824,-7915.1500000000015,-17.6,0.823,45057.79,0.0010000000000000009,-47.63999999999942,-0.1
Mississippi,2013,37963,45833.41,0.828,-7870.4100000000035,-17.2,0.827,45893.88,0.0010000000000000009,-60.46999999999389,-0.1
Mississippi,2014,39680,46364.45,0.856,-6684.449999999997,-14.4,0.855,46418.81,0.0010000000000000009,-54.36000000000058,-0.1
Mississippi,2015,40593,45767.39,0.887,-5174.389999999999,-11.3,0.886,45827.36,0.0010000000000000009,-59.970000000001164,-0.1
Mississippi,2016,41754,46414.76,0.9,-4660.760000000002,-10.0,0.898,46488.72,0.0020000000000000018,-73.95999999999913,-0.2
Mississippi,2017,43529,47115.68,0.924,-3586.6800000000003,-7.6,0.923,47159.74,0.0010000000000000009,-44.05999999999767,-0.1
Mississippi,2018,44717,47519.7,0.941,-2802.699999999997,-5.9,0.94,47558.22,0.0010000000000000009,-38.520000000004075,-0.1
Mississippi,2019,45792,48441.16,0.945,-2649.1600000000035,-5.5,0.944,48501.21,0.0010000000000000009,-60.049999999995634,-0.1
Mississippi,2021,48716,51236.59,0.951,-2520.5899999999965,-4.9,0.951,51243.75,0.0,-7.1600000000034925,-0.0
Mississippi,2022,52719,56260.05,0.937,-3541.050000000003,-6.3,0.937,56263.11,0.0,-3.0599999999976717,-0.0
Mississippi,2023,54203,58248.46,0.931,-4045.459999999999,-6.9,0.931,58213.77,0.0,34.69000000000233,0.1
Missouri,2008,46867,42468.99,1.104,4398.010000000002,10.4,1.104,42463.55,0.0,5.439999999995052,0.0
Missouri,2009,45229,42794.61,1.057,2434.3899999999994,5.7,1.056,42840.74,0.0009999999999998899,-46.12999999999738,-0.1
Missouri,2010,44301,45066.28,0.983,-765.2799999999988,-1.7,0.982,45119.33,0.0010000000000000009,-53.05000000000291,-0.1
Missouri,2011,45247,46412.24,0.975,-1165.239999999998,-2.5,0.973,46514.45,0.0020000000000000018,-102.20999999999913,-0.2
Missouri,2012,45321,47324.19,0.958,-2003.1900000000023,-4.2,0.955,47454.21,0.0030000000000000027,-130.0199999999968,-0.3
Missouri,2013,46931,48341.21,0.971,-1410.2099999999991,-2.9,0.968,48503.88,0.0030000000000000027,-162.66999999999825,-0.3
Missouri,2014,48363,49204.61,0.983,-841.6100000000006,-1.7,0.98,49363.43,0.0030000000000000027,-158.8199999999997,-0.3
Missouri,2015,50238,48470.2,1.036,1767.800000000003,3.6,1.032,48677.49,0.0040000000000000036,-207.29000000000087,-0.4
Missouri,2016,51746,48575.39,1.065,3170.6100000000006,6.5,1.061,48786.11,0.0040000000000000036,-210.72000000000116,-0.4
Missouri,2017,53578,49464.15,1.083,4113.8499999999985,8.3,1.08,49614.31,0.0029999999999998916,-150.15999999999622,-0.3
Missouri,2018,54478,50699.85,1.075,3778.1500000000015,7.5,1.071,50858.71,0.0040000000000000036,-158.86000000000058,-0.3
Missouri,2019,57409,52078.94,1.102,5330.059999999998,10.2,1.099,52241.51,0.0030000000000001137,-162.5699999999997,-0.3
Missouri,2021,61847,55055.77,1.123,6791.230000000003,12.3,1.122,55123.39,0.0009999999999998899,-67.62000000000262,-0.1
Missouri,2022,64811,59073.78,1.097,5737.220000000001,9.7,1.095,59208.84,0.0020000000000000018,-135.05999999999767,-0.2
Missouri,2023,68545,61876.78,1.108,6668.220000000001,10.8,1.106,61952.72,0.0020000000000000018,-75.94000000000233,-0.1
Montana,2008,43654,44652.32,0.978,-998.3199999999997,-2.2,0.976,44727.74,0.0020000000000000018,-75.41999999999825,-0.2
Montana,2009,42322,43866.3,0.965,-1544.300000000003,-3.5,0.964,43904.7,0.0010000000000000009,-38.39999999999418,-0.1
Montana,2010,42666,44848.7,0.951,-2182.699999999997,-4.9,0.951,44863.51,0.0,-14.810000000004948,-0.0
Montana,2011,44222,47339.28,0.934,-3117.279999999999,-6.6,0.932,47460.08,0.0020000000000000018,-120.80000000000291,-0.3
Montana,2012,45076,47707.95,0.945,-2631.949999999997,-5.5,0.942,47862.44,0.0030000000000000027,-154.49000000000524,-0.3
Montana,2013,46972,48107.33,0.976,-1135.3300000000017,-2.4,0.973,48275.01,0.0030000000000000027,-167.6800000000003,-0.3
Montana,2014,46328,50586.43,0.916,-4258.43,-8.4,0.911,50867.25,0.0050000000000000044,-280.8199999999997,-0.6
Montana,2015,49509,49949.58,0.991,-440.58000000000175,-0.9,0.988,50130.16,0.0030000000000000027,-180.58000000000175,-0.4
Montana,2016,50027,50000.53,1.001,26.470000000001164,0.1,0.998,50122.84,0.0029999999999998916,-122.30999999999767,-0.2
Montana,2017,53386,51184.27,1.043,2201.730000000003,4.3,1.042,51229.76,0.0009999999999998899,-45.49000000000524,-0.1
Montana,2018,55328,51914.48,1.066,3413.519999999997,6.6,1.062,52089.11,0.0040000000000000036,-174.62999999999738,-0.3
Montana,2019,57153,54145.79,1.056,3007.209999999999,5.6,1.054,54234.54,0.0020000000000000018,-88.75,-0.2
Montana,2021,63249,56149.54,1.126,7099.459999999999,12.6,1.126,56191.29,0.0,-41.75,-0.1
Montana,2022,67631,59712.84,1.133,7918.1600000000035,13.3,1.131,59789.2,0.0020000000000000018,-76.36000000000058,-0.1
Montana,2023,70804,62198.83,1.138,8605.169999999998,13.8,1.137,62257.73,0.0009999999999998899,-58.900000000001455,-0.1
Nebraska,2008,49693,42759.93,1.162,6933.07,16.2,1.161,42799.17,0.0009999999999998899,-39.23999999999796,-0.1
Nebraska,2009,47357,42733.53,1.108,4623.470000000001,10.8,1.104,42882.91,0.0040000000000000036,-149.38000000000466,-0.3
Nebraska,2010,48408,44607.47,1.085,3800.529999999999,8.5,1.082,44751.75,0.0029999999999998916,-144.27999999999884,-0.3
Nebraska,2011,50296,46205.58,1.089,4090.4199999999983,8.9,1.084,46391.87,0.004999999999999893,-186.29000000000087,-0.4
Nebraska,2012,50723,47485.7,1.068,3237.300000000003,6.8,1.063,47703.51,0.0050000000000001155,-217.81000000000495,-0.5
Nebraska,2013,51440,47722.67,1.078,3717.3300000000017,7.8,1.073,47938.8,0.0050000000000001155,-216.13000000000466,-0.5
Nebraska,2014,52686,48569.07,1.085,4116.93,8.5,1.08,48788.17,0.004999999999999893,-219.09999999999854,-0.4
Nebraska,2015,54996,48353.22,1.137,6642.779999999999,13.7,1.132,48602.77,0.0050000000000001155,-249.54999999999563,-0.5
Nebraska,2016,56927,48481.75,1.174,8445.25,17.4,1.167,48761.38,0.006999999999999895,-279.6299999999974,-0.6
Nebraska,2017,59970,48946.0,1.225,11024.0,22.5,1.22,49148.96,0.0050000000000001155,-202.95999999999913,-0.4
Nebraska,2018,59566,50938.02,1.169,8627.980000000003,16.9,1.164,51161.76,0.0050000000000001155,-223.74000000000524,-0.4
Nebraska,2019,63229,52240.41,1.21,10988.589999999997,21.0,1.205,52450.62,0.004999999999999893,-210.20999999999913,-0.4
Nebraska,2021,66817,55420.29,1.206,11396.71,20.6,1.202,55569.08,0.0040000000000000036,-148.79000000000087,-0.3
Nebraska,2022,69597,58701.33,1.186,10895.669999999998,18.6,1.18,58958.45,0.006000000000000005,-257.11999999999534,-0.4
Nebraska,2023,74590,61489.96,1.213,13100.04,21.3,1.208,61758.0,0.0050000000000001155,-268.0400000000009,-0.4
Nevada,2008,56361,50838.67,1.109,5522.330000000002,10.9,1.087,51857.3,0.02200000000000002,-1018.6300000000047,-2.0
Nevada,2009,53341,50442.62,1.057,2898.3799999999974,5.7,1.039,51349.3,0.018000000000000016,-906.6800000000003,-1.8
Nevada,2010,51001,49930.95,1.021,1070.050000000003,2.1,1.0,50997.33,0.020999999999999908,-1066.3800000000047,-2.1
Nevada,2011,48927,52136.08,0.938,-3209.0800000000017,-6.2,0.918,53317.48,0.019999999999999907,-1181.4000000000015,-2.2
Nevada,2012,49760,52752.34,0.943,-2992.3399999999965,-5.7,0.921,54003.1,0.02199999999999991,-1250.760000000002,-2.3
Nevada,2013,51230,52545.96,0.975,-1315.9599999999991,-2.5,0.952,53818.09,0.02300000000000002,-1272.1299999999974,-2.4
Nevada,2014,51450,52578.87,0.979,-1128.8700000000026,-2.1,0.956,53841.57,0.02300000000000002,-1262.699999999997,-2.3
Nevada,2015,52431,52339.69,1.002,91.30999999999767,0.2,0.978,53620.46,0.02400000000000002,-1280.7699999999968,-2.4
Nevada,2016,55180,52451.39,1.052,2728.6100000000006,5.2,1.028,53656.81,0.02400000000000002,-1205.4199999999983,-2.2
Nevada,2017,58003,55356.0,1.048,2647.0,4.8,1.027,56500.31,0.02100000000000013,-1144.3099999999977,-2.0
Nevada,2018,58646,55570.97,1.055,3075.029999999999,5.5,1.033,56756.74,0.02200000000000002,-1185.7699999999968,-2.1
Nevada,2019,63276,58051.96,1.09,5224.040000000001,9.0,1.066,59341.0,0.02400000000000002,-1289.0400000000009,-2.2
Nevada,2021,66274,60888.22,1.088,5385.779999999999,8.8,1.07,61921.5,0.018000000000000016,-1033.2799999999988,-1.7
Nevada,2022,72333,67115.5,1.078,5217.5,7.8,1.062,68126.16,0.016000000000000014,-1010.6600000000035,-1.5
Nevada,2023,76364,70110.35,1.089,6253.649999999994,8.9,1.074,71116.69,0.014999999999999902,-1006.3399999999965,-1.4
New Hampshire,2008,63731,53563.27,1.19,10167.730000000003,19.0,1.196,53301.65,-0.006000000000000005,261.61999999999534,0.5
New Hampshire,2009,60567,53375.59,1.135,7191.4100000000035,13.5,1.141,53066.26,-0.006000000000000005,309.32999999999447,0.6
New Hampshire,2010,61042,54016.24,1.13,7025.760000000002,13.0,1.134,53815.38,-0.0040000000000000036,200.86000000000058,0.4
New Hampshire,2011,62647,55343.11,1.132,7303.889999999999,13.2,1.136,55170.31,-0.0040000000000000036,172.8000000000029,0.3
New Hampshire,2012,63280,56548.91,1.119,6731.0899999999965,11.9,1.121,56441.26,-0.0020000000000000018,107.65000000000146,0.2
New Hampshire,2013,64230,57554.34,1.116,6675.6600000000035,11.6,1.116,57529.15,0.0,25.189999999995052,0.0
New Hampshire,2014,66532,57389.16,1.159,9142.839999999997,15.9,1.16,57366.47,-0.0009999999999998899,22.69000000000233,0.0
New Hampshire,2015,70303,58461.81,1.203,11841.190000000002,20.3,1.205,58348.2,-0.0020000000000000018,113.61000000000058,0.2
New Hampshire,2016,70936,58493.49,1.213,12442.510000000002,21.3,1.213,58482.1,0.0,11.389999999999418,0.0
New Hampshire,2017,73381,61001.93,1.203,12379.07,20.3,1.202,61028.62,0.001000000000000112,-26.69000000000233,-0.0
New Hampshire,2018,74991,60360.58,1.242,14630.419999999998,24.2,1.245,60218.3,-0.0030000000000001137,142.27999999999884,0.2
New Hampshire,2019,77933,61859.21,1.26,16073.79,26.0,1.262,61745.09,-0.0020000000000000018,114.12000000000262,0.2
New Hampshire,2021,88465,64814.65,1.365,23650.35,36.5,1.37,64563.41,-0.0050000000000001155,251.23999999999796,0.4
New Hampshire,2022,89992,75017.72,1.2,14974.279999999999,20.0,1.205,74681.35,-0.0050000000000001155,336.36999999999534,0.5
New Hampshire,2023,96838,75267.54,1.287,21570.460000000006,28.7,1.292,74962.32,-0.0050000000000001155,305.2199999999866,0.4
New Jersey,2008,70378,58017.68,1.213,12360.32,21.3,1.203,58518.32,0.010000000000000009,-500.6399999999994,-0.9
New Jersey,2009,68342,57881.37,1.181,10460.629999999997,18.1,1.169,58472.84,0.01200000000000001,-591.4699999999939,-1.0
New Jersey,2010,67681,58176.38,1.163,9504.620000000003,16.3,1.153,58724.06,0.010000000000000009,-547.6800000000003,-0.9
New Jersey,2011,67458,59692.65,1.13,7765.3499999999985,13.0,1.117,60404.73,0.0129999999999999,-712.0800000000017,-1.2
New Jersey,2012,69667,61668.34,1.13,7998.6600000000035,13.0,1.116,62424.85,0.01399999999999979,-756.510000000002,-1.2
New Jersey,2013,70165,62136.89,1.129,8028.110000000001,12.9,1.113,63055.57,0.016000000000000014,-918.6800000000003,-1.5
New Jersey,2014,71919,62951.78,1.142,8967.220000000001,14.2,1.124,64003.82,0.017999999999999794,-1052.0400000000009,-1.6
New Jersey,2015,72222,62761.76,1.151,9460.239999999998,15.1,1.131,63859.43,0.020000000000000018,-1097.6699999999983,-1.7
New Jersey,2016,76126,63606.35,1.197,12519.650000000001,19.7,1.176,64705.54,0.02100000000000013,-1099.1900000000023,-1.7
New Jersey,2017,80088,64479.58,1.242,15608.419999999998,24.2,1.224,65424.95,0.018000000000000016,-945.3699999999953,-1.4
New Jersey,2018,81740,67305.83,1.214,14434.169999999998,21.4,1.198,68245.83,0.016000000000000014,-940.0,-1.4
New Jersey,2019,85751,68289.45,1.256,17461.550000000003,25.6,1.236,69363.06,0.020000000000000018,-1073.6100000000006,-1.5
New Jersey,2021,89296,70714.55,1.263,18581.449999999997,26.3,1.248,71553.39,0.014999999999999902,-838.8399999999965,-1.2
New Jersey,2022,96346,76983.99,1.252,19362.009999999995,25.2,1.237,77870.3,0.014999999999999902,-886.3099999999977,-1.1
New Jersey,2023,99781,79975.62,1.248,19805.380000000005,24.8,1.231,81029.6,0.016999999999999904,-1053.9800000000105,-1.3
New Mexico,2008,43508,46038.3,0.945,-2530.300000000003,-5.5,0.944,46094.68,0.0010000000000000009,-56.37999999999738,-0.1
New Mexico,2009,43028,46031.61,0.935,-3003.6100000000006,-6.5,0.934,46077.51,0.0010000000000000009,-45.900000000001455,-0.1
New Mexico,2010,42090,45989.71,0.915,-3899.709999999999,-8.5,0.913,46112.13,0.0020000000000000018,-122.41999999999825,-0.3
New Mexico,2011,41963,49174.04,0.853,-7211.040000000001,-14.7,0.851,49296.53,0.0020000000000000018,-122.48999999999796,-0.2
New Mexico,2012,42558,49902.51,0.853,-7344.510000000002,-14.7,0.85,50050.08,0.0030000000000000027,-147.5699999999997,-0.3
New Mexico,2013,43872,50100.05,0.876,-6228.050000000003,-12.4,0.873,50231.75,0.0030000000000000027,-131.6999999999971,-0.3
New Mexico,2014,44803,50589.39,0.886,-5786.389999999999,-11.4,0.882,50789.4,0.0040000000000000036,-200.01000000000204,-0.4
New Mexico,2015,45382,50353.34,0.901,-4971.3399999999965,-9.9,0.898,50512.87,0.0030000000000000027,-159.5300000000061,-0.3
New Mexico,2016,46748,50561.67,0.925,-3813.6699999999983,-7.5,0.921,50734.43,0.0040000000000000036,-172.76000000000204,-0.3
New Mexico,2017,46744,52275.2,0.894,-5531.199999999997,-10.6,0.892,52416.06,0.0020000000000000018,-140.86000000000058,-0.3
New Mexico,2018,47169,51396.16,0.918,-4227.1600000000035,-8.2,0.914,51634.32,0.0040000000000000036,-238.15999999999622,-0.5
New Mexico,2019,51945,53097.6,0.978,-1152.5999999999985,-2.2,0.976,53216.49,0.0020000000000000018,-118.88999999999942,-0.2
New Mexico,2021,53992,54722.22,0.987,-730.2200000000012,-1.3,0.986,54752.59,0.0010000000000000009,-30.369999999995343,-0.1
New Mexico,2022,59726,60420.33,0.989,-694.3300000000017,-1.1,0.99,60351.47,-0.0010000000000000009,68.86000000000058,0.1
New Mexico,2023,62268,62179.79,1.001,88.20999999999913,0.1,1.001,62227.7,0.0,-47.90999999999622,-0.1
New York,2008,56033,55295.68,1.013,737.3199999999997,1.3,0.978,57284.89,0.03499999999999992,-1989.2099999999991,-3.5
New York,2009,54659,54748.39,0.998,-89.38999999999942,-0.2,0.963,56787.89,0.03500000000000003,-2039.5,-3.6
New York,2010,54148,55658.09,0.973,-1510.0899999999965,-2.7,0.938,57757.37,0.03500000000000003,-2099.280000000006,-3.6
New York,2011,55246,58023.1,0.952,-2777.0999999999985,-4.8,0.917,60248.42,0.03499999999999992,-2225.3199999999997,-3.7
New York,2012,56448,59007.63,0.957,-2559.6299999999974,-4.3,0.922,61211.24,0.03499999999999992,-2203.6100000000006,-3.6
New York,2013,57369,59742.96,0.96,-2373.959999999999,-4.0,0.926,61960.73,0.03399999999999992,-2217.770000000004,-3.6
New York,2014,58878,60469.07,0.974,-1591.0699999999997,-2.6,0.937,62804.63,0.03699999999999992,-2335.5599999999977,-3.7
New York,2015,60850,60536.69,1.005,313.3099999999977,0.5,0.968,62841.04,0.03699999999999992,-2304.3499999999985,-3.7
New York,2016,62909,61308.74,1.026,1600.260000000002,2.6,0.989,63640.28,0.03700000000000003,-2331.540000000001,-3.7
New York,2017,64894,62481.97,1.039,2412.029999999999,3.9,1.003,64701.61,0.03600000000000003,-2219.6399999999994,-3.4
New York,2018,67844,63732.26,1.065,4111.739999999998,6.5,1.029,65951.95,0.03600000000000003,-2219.689999999995,-3.4
New York,2019,72108,64557.24,1.117,7550.760000000002,11.7,1.079,66842.78,0.038000000000000034,-2285.540000000001,-3.4
New York,2021,74314,68763.88,1.081,5550.119999999995,8.1,1.048,70923.61,0.03299999999999992,-2159.729999999996,-3.0
New York,2022,79557,73008.48,1.09,6548.520000000004,9.0,1.058,75216.9,0.03200000000000003,-2208.4199999999983,-2.9
New York,2023,82095,75698.45,1.085,6396.550000000003,8.5,1.053,77993.01,0.03200000000000003,-2294.5599999999977,-2.9
North Carolina,2008,46549,44417.38,1.048,2131.6200000000026,4.8,1.046,44508.34,0.0020000000000000018,-90.95999999999913,-0.2
North Carolina,2009,43674,43562.41,1.003,111.58999999999651,0.3,0.999,43699.51,0.0039999999999998925,-137.09999999999854,-0.3
North Carolina,2010,43326,45187.26,0.959,-1861.260000000002,-4.1,0.956,45318.09,0.0030000000000000027,-130.82999999999447,-0.3
North Carolina,2011,43916,47159.32,0.931,-3243.3199999999997,-6.9,0.928,47330.11,0.0030000000000000027,-170.79000000000087,-0.4
North Carolina,2012,45150,47976.3,0.941,-2826.300000000003,-5.9,0.937,48199.3,0.0039999999999998925,-223.0,-0.5
North Carolina,2013,45906,48729.15,0.942,-2823.1500000000015,-5.8,0.937,49007.62,0.004999999999999893,-278.47000000000116,-0.6
North Carolina,2014,46556,49490.0,0.941,-2934.0,-5.9,0.935,49781.16,0.005999999999999894,-291.1600000000035,-0.6
North Carolina,2015,47830,49083.96,0.974,-1253.9599999999991,-2.6,0.969,49380.12,0.0050000000000000044,-296.1600000000035,-0.6
North Carolina,2016,50584,49657.84,1.019,926.1600000000035,1.9,1.013,49938.49,0.006000000000000005,-280.65000000000146,-0.6
North Carolina,2017,52752,50664.81,1.041,2087.1900000000023,4.1,1.036,50906.44,0.004999999999999893,-241.63000000000466,-0.5
North Carolina,2018,53855,51825.18,1.039,2029.8199999999997,3.9,1.034,52075.41,0.004999999999999893,-250.2300000000032,-0.5
North Carolina,2019,57341,52278.35,1.097,5062.6500000000015,9.7,1.092,52523.05,0.004999999999999893,-244.70000000000437,-0.5
North Carolina,2021,61972,56559.14,1.096,5412.860000000001,9.6,1.093,56711.6,0.0030000000000001137,-152.45999999999913,-0.3
North Carolina,2022,67481,61805.54,1.092,5675.459999999999,9.2,1.089,61990.82,0.0030000000000001137,-185.27999999999884,-0.3
North Carolina,2023,70804,64496.62,1.098,6307.379999999997,9.8,1.094,64717.46,0.0040000000000000036,-220.8399999999965,-0.3
North Dakota,2008,45685,40370.24,1.132,5314.760000000002,13.2,1.127,40549.04,0.004999999999999893,-178.8000000000029,-0.4
North Dakota,2009,47827,40996.35,1.167,6830.6500000000015,16.7,1.161,41199.26,0.006000000000000005,-202.9100000000035,-0.5
North Dakota,2010,48670,42345.08,1.149,6324.919999999998,14.9,1.146,42472.89,0.0030000000000001137,-127.80999999999767,-0.3
North Dakota,2011,51704,44835.52,1.153,6868.480000000003,15.3,1.147,45061.24,0.006000000000000005,-225.72000000000116,-0.5
North Dakota,2012,53585,47397.33,1.131,6187.669999999998,13.1,1.122,47747.59,0.008999999999999897,-350.25999999999476,-0.7
North Dakota,2013,55759,48458.27,1.151,7300.730000000003,15.1,1.142,48842.07,0.009000000000000119,-383.8000000000029,-0.8
North Dakota,2014,59029,49218.69,1.199,9810.309999999998,19.9,1.189,49641.55,0.010000000000000009,-422.8600000000006,-0.9
North Dakota,2015,60557,48425.7,1.251,12131.300000000003,25.1,1.237,48950.85,0.01399999999999979,-525.1500000000015,-1.1
North Dakota,2016,60656,49950.12,1.214,10705.879999999997,21.4,1.2,50552.11,0.014000000000000012,-601.989999999998,-1.2
North Dakota,2017,61843,48312.09,1.28,13530.910000000003,28.0,1.271,48675.81,0.009000000000000119,-363.72000000000116,-0.7
North Dakota,2018,63837,50277.25,1.27,13559.75,27.0,1.259,50712.97,0.01100000000000012,-435.72000000000116,-0.9
North Dakota,2019,64577,52455.86,1.231,12121.14,23.1,1.215,53136.34,0.016000000000000014,-680.4799999999959,-1.3
North Dakota,2021,66519,53881.95,1.235,12637.050000000003,23.5,1.224,54336.29,0.01100000000000012,-454.3400000000038,-0.8
North Dakota,2022,71970,57031.5,1.262,14938.5,26.2,1.255,57329.22,0.007000000000000117,-297.72000000000116,-0.5
North Dakota,2023,76525,59788.53,1.28,16736.47,28.0,1.27,60275.63,0.010000000000000009,-487.09999999999854,-0.8
Ohio,2008,47988,44174.68,1.086,3813.3199999999997,8.6,1.085,44236.36,0.001000000000000112,-61.68000000000029,-0.1
Ohio,2009,45395,44056.43,1.03,1338.5699999999997,3.0,1.028,44175.44,0.0020000000000000018,-119.01000000000204,-0.3
Ohio,2010,45090,44991.86,1.002,98.13999999999942,0.2,1.0,45082.52,0.0020000000000000018,-90.65999999999622,-0.2
Ohio,2011,45749,46257.52,0.989,-508.5199999999968,-1.1,0.985,46425.91,0.0040000000000000036,-168.3900000000067,-0.4
Ohio,2012,46829,47690.35,0.982,-861.3499999999985,-1.8,0.977,47909.82,0.0050000000000000044,-219.47000000000116,-0.5
Ohio,2013,48081,48599.48,0.989,-518.4800000000032,-1.1,0.984,48851.26,0.0050000000000000044,-251.77999999999884,-0.5
Ohio,2014,49308,49037.02,1.006,270.9800000000032,0.6,1.0,49317.96,0.006000000000000005,-280.9400000000023,-0.6
Ohio,2015,51075,48517.92,1.053,2557.0800000000017,5.3,1.047,48802.99,0.006000000000000005,-285.0699999999997,-0.6
Ohio,2016,52334,49010.93,1.068,3323.0699999999997,6.8,1.061,49302.01,0.007000000000000117,-291.08000000000175,-0.6
Ohio,2017,54021,49867.19,1.083,4153.809999999998,8.3,1.077,50145.98,0.006000000000000005,-278.7900000000009,-0.6
Ohio,2018,56111,51527.11,1.089,4583.889999999999,8.9,1.083,51796.97,0.006000000000000005,-269.8600000000006,-0.5
Ohio,2019,58642,52380.72,1.12,6261.279999999999,12.0,1.114,52647.79,0.006000000000000005,-267.0699999999997,-0.5
Ohio,2021,62262,55080.94,1.13,7181.059999999998,13.0,1.127,55266.9,0.0029999999999998916,-185.95999999999913,-0.3
Ohio,2022,65720,59330.75,1.108,6389.25,10.8,1.104,59515.2,0.0040000000000000036,-184.4499999999971,-0.3
Ohio,2023,67769,61627.4,1.1,6141.5999999999985,10.0,1.096,61829.53,0.0040000000000000036,-202.12999999999738,-0.3
Oklahoma,2008,42822,42399.04,1.01,422.9599999999991,1.0,1.008,42499.91,0.0020000000000000018,-100.87000000000262,-0.2
Oklahoma,2009,41664,41749.65,0.998,-85.65000000000146,-0.2,0.995,41856.58,0.0030000000000000027,-106.93000000000029,-0.3
Oklahoma,2010,42072,43633.72,0.964,-1561.7200000000012,-3.6,0.962,43714.94,0.0020000000000000018,-81.22000000000116,-0.2
Oklahoma,2011,43225,45434.44,0.951,-2209.4400000000023,-4.9,0.949,45545.46,0.0020000000000000018,-111.0199999999968,-0.2
Oklahoma,2012,44312,46401.95,0.955,-2089.949999999997,-4.5,0.952,46537.11,0.0030000000000000027,-135.1600000000035,-0.3
Oklahoma,2013,45690,47295.31,0.966,-1605.3099999999977,-3.4,0.962,47477.47,0.0040000000000000036,-182.1600000000035,-0.4
Oklahoma,2014,47529,48091.27,0.988,-562.2699999999968,-1.2,0.984,48290.14,0.0040000000000000036,-198.87000000000262,-0.4
Oklahoma,2015,48568,47484.06,1.023,1083.9400000000023,2.3,1.019,47656.27,0.0040000000000000036,-172.20999999999913,-0.4
Oklahoma,2016,49176,48053.22,1.023,1122.7799999999988,2.3,1.019,48270.42,0.0040000000000000036,-217.1999999999971,-0.4
Oklahoma,2017,50051,48886.95,1.024,1164.050000000003,2.4,1.02,49073.2,0.0040000000000000036,-186.25,-0.4
Oklahoma,2018,51924,49543.46,1.048,2380.540000000001,4.8,1.044,49733.46,0.0040000000000000036,-190.0,-0.4
Oklahoma,2019,54449,50181.57,1.085,4267.43,8.5,1.081,50363.19,0.0040000000000000036,-181.62000000000262,-0.4
Oklahoma,2021,55826,53544.97,1.043,2281.029999999999,4.3,1.039,53737.12,0.0040000000000000036,-192.15000000000146,-0.4
Oklahoma,2022,59673,57213.3,1.043,2459.699999999997,4.3,1.04,57396.69,0.0029999999999998916,-183.38999999999942,-0.3
Oklahoma,2023,62138,59160.74,1.05,2977.260000000002,5.0,1.046,59380.1,0.0040000000000000036,-219.36000000000058,-0.4
Oregon,2008,50169,48077.54,1.044,2091.459999999999,4.4,1.032,48596.05,0.01200000000000001,-518.510000000002,-1.1
Oregon,2009,48457,48955.96,0.99,-498.9599999999991,-1.0,0.977,49591.01,0.013000000000000012,-635.0500000000029,-1.3
Oregon,2010,46560,49455.38,0.941,-2895.3799999999974,-5.9,0.929,50140.87,0.0119999999999999,-685.4900000000052,-1.4
Oregon,2011,46816,51150.61,0.915,-4334.610000000001,-8.5,0.901,51960.93,0.014000000000000012,-810.3199999999997,-1.6
Oregon,2012,49161,53080.12,0.926,-3919.1200000000026,-7.4,0.912,53877.84,0.014000000000000012,-797.7199999999939,-1.5
Oregon,2013,50251,53227.59,0.944,-2976.5899999999965,-5.6,0.929,54072.83,0.014999999999999902,-845.2400000000052,-1.6
Oregon,2014,51075,54044.83,0.945,-2969.8300000000017,-5.5,0.93,54929.5,0.014999999999999902,-884.6699999999983,-1.6
Oregon,2015,54148,54637.24,0.991,-489.23999999999796,-0.9,0.975,55554.62,0.016000000000000014,-917.3800000000047,-1.7
Oregon,2016,57532,55105.61,1.044,2426.3899999999994,4.4,1.029,55936.83,0.015000000000000124,-831.2200000000012,-1.5
Oregon,2017,60212,57624.26,1.045,2587.739999999998,4.5,1.031,58396.23,0.014000000000000012,-771.9700000000012,-1.3
Oregon,2018,63426,60687.99,1.045,2738.010000000002,4.5,1.031,61506.76,0.014000000000000012,-818.7700000000041,-1.3
Oregon,2019,67058,61380.22,1.093,5677.779999999999,9.3,1.079,62133.94,0.014000000000000012,-753.7200000000012,-1.2
Oregon,2021,71562,64998.23,1.101,6563.769999999997,10.1,1.09,65642.03,0.010999999999999899,-643.7999999999956,-1.0
Oregon,2022,75657,72333.47,1.046,3323.529999999999,4.6,1.034,73165.17,0.01200000000000001,-831.6999999999971,-1.1
Oregon,2023,80160,73822.82,1.086,6337.179999999993,8.6,1.075,74576.83,0.01100000000000012,-754.0099999999948,-1.0
Pennsylvania,2008,50713,47903.52,1.059,2809.480000000003,5.9,1.06,47844.98,-0.001000000000000112,58.5399999999936,0.1
Pennsylvania,2009,49520,47589.2,1.041,1930.800000000003,4.1,1.041,47553.0,0.0,36.19999999999709,0.1
Pennsylvania,2010,49288,48435.14,1.018,852.8600000000006,1.8,1.018,48428.02,0.0,7.120000000002619,0.0
Pennsylvania,2011,50228,50049.16,1.004,178.8399999999965,0.4,1.003,50084.28,0.001000000000000112,-35.11999999999534,-0.1
Pennsylvania,2012,51230,50885.39,1.007,344.6100000000006,0.7,1.005,50962.71,0.0020000000000000018,-77.31999999999971,-0.2
Pennsylvania,2013,52007,51514.26,1.01,492.73999999999796,1.0,1.008,51592.88,0.0020000000000000018,-78.61999999999534,-0.2
Pennsylvania,2014,53234,52137.29,1.021,1096.7099999999991,2.1,1.019,52224.77,0.0020000000000000018,-87.47999999999593,-0.2
Pennsylvania,2015,55702,52491.71,1.061,3210.290000000001,6.1,1.059,52588.69,0.0020000000000000018,-96.9800000000032,-0.2
Pennsylvania,2016,56907,52754.44,1.079,4152.559999999998,7.9,1.076,52867.23,0.0029999999999998916,-112.79000000000087,-0.2
Pennsylvania,2017,59195,54324.62,1.09,4870.379999999997,9.0,1.087,54460.31,0.0030000000000001137,-135.68999999999505,-0.2
Pennsylvania,2018,60905,55329.84,1.101,5575.1600000000035,10.1,1.099,55442.16,0.0020000000000000018,-112.32000000000698,-0.2
Pennsylvania,2019,63463,55807.85,1.137,7655.1500000000015,13.7,1.135,55935.29,0.0020000000000000018,-127.44000000000233,-0.2
Pennsylvania,2021,68957,58636.6,1.176,10320.400000000001,17.6,1.176,58644.52,0.0,-7.919999999998254,-0.0
Pennsylvania,2022,71798,63576.7,1.129,8221.300000000003,12.9,1.128,63651.2,0.001000000000000112,-74.5,-0.1
Pennsylvania,2023,73824,66725.41,1.106,7098.5899999999965,10.6,1.106,66767.72,0.0,-42.30999999999767,-0.1
Rhode Island,2008,55701,51621.19,1.079,4079.8099999999977,7.9,1.06,52552.95,0.018999999999999906,-931.7599999999948,-1.8
Rhode Island,2009,54119,51533.03,1.05,2585.970000000001,5.0,1.035,52306.05,0.015000000000000124,-773.0200000000041,-1.5
Rhode Island,2010,52254,51151.83,1.022,1102.1699999999983,2.2,1.001,52215.02,0.02100000000000013,-1063.189999999995,-2.0
Rhode Island,2011,53636,52741.8,1.017,894.1999999999971,1.7,0.996,53837.46,0.020999999999999908,-1095.6599999999962,-2.0
Rhode Island,2012,54554,52635.46,1.036,1918.5400000000009,3.6,1.017,53665.36,0.019000000000000128,-1029.9000000000015,-1.9
Rhode Island,2013,55902,53988.76,1.035,1913.239999999998,3.5,1.017,54983.96,0.018000000000000016,-995.1999999999971,-1.8
Rhode Island,2014,54891,54845.16,1.001,45.83999999999651,0.1,0.977,56188.74,0.02399999999999991,-1343.5799999999945,-2.4
Rhode Island,2015,58073,55321.08,1.05,2751.9199999999983,5.0,1.025,56678.42,0.025000000000000133,-1357.3399999999965,-2.4
Rhode Island,2016,60596,55112.0,1.1,5484.0,10.0,1.072,56500.74,0.028000000000000025,-1388.739999999998,-2.5
Rhode Island,2017,63870,56825.24,1.124,7044.760000000002,12.4,1.102,57943.86,0.02200000000000002,-1118.6200000000026,-1.9
Rhode Island,2018,64340,58849.35,1.093,5490.6500000000015,9.3,1.074,59910.28,0.018999999999999906,-1060.9300000000003,-1.8
Rhode Island,2019,71169,59657.83,1.193,11511.169999999998,19.3,1.172,60705.52,0.02100000000000013,-1047.689999999995,-1.7
Rhode Island,2021,74008,63406.4,1.167,10601.599999999999,16.7,1.152,64259.47,0.015000000000000124,-853.0699999999997,-1.3
Rhode Island,2022,81854,69292.02,1.181,12561.979999999996,18.1,1.168,70067.56,0.013000000000000123,-775.5399999999936,-1.1
Rhode Island,2023,84972,70101.8,1.212,14870.199999999997,21.2,1.201,70772.59,0.010999999999999899,-670.7899999999936,-0.9
South Carolina,2008,44625,44249.99,1.008,375.01000000000204,0.8,1.009,44220.13,-0.0009999999999998899,29.860000000000582,0.1
South Carolina,2009,42442,43558.03,0.974,-1116.0299999999988,-2.6,0.974,43553.05,0.0,4.9799999999959255,0.0
South Carolina,2010,42018,45121.7,0.931,-3103.699999999997,-6.9,0.93,45180.86,0.0010000000000000009,-59.16000000000349,-0.1
South Carolina,2011,42367,47063.83,0.9,-4696.830000000002,-10.0,0.899,47101.42,0.0010000000000000009,-37.58999999999651,-0.1
South Carolina,2012,43107,48055.89,0.897,-4948.889999999999,-10.3,0.895,48148.34,0.0020000000000000018,-92.44999999999709,-0.2
South Carolina,2013,44163,48620.5,0.908,-4457.5,-9.2,0.907,48705.04,0.0010000000000000009,-84.54000000000087,-0.2
South Carolina,2014,45238,49205.79,0.919,-3967.790000000001,-8.1,0.918,49295.9,0.0010000000000000009,-90.11000000000058,-0.2
South Carolina,2015,47238,49086.06,0.962,-1848.0599999999977,-3.8,0.961,49175.15,0.0010000000000000009,-89.09000000000378,-0.2
South Carolina,2016,49501,49746.14,0.995,-245.13999999999942,-0.5,0.994,49810.72,0.0010000000000000009,-64.58000000000175,-0.1
South Carolina,2017,50570,50573.55,1.0,-3.5500000000029104,0.0,0.999,50639.64,0.0010000000000000009,-66.08999999999651,-0.1
South Carolina,2018,52306,51633.96,1.013,672.0400000000009,1.3,1.012,51668.06,0.0009999999999998899,-34.099999999998545,-0.1
South Carolina,2019,56227,52322.13,1.075,3904.8700000000026,7.5,1.075,52306.87,0.0,15.259999999994761,0.0
South Carolina,2021,59318,56854.2,1.043,2463.800000000003,4.3,1.045,56749.6,-0.0020000000000000018,104.59999999999854,0.2
South Carolina,2022,64115,61789.06,1.038,2325.9400000000023,3.8,1.04,61661.16,-0.0020000000000000018,127.89999999999418,0.2
South Carolina,2023,67804,64432.0,1.052,3372.0,5.2,1.055,64260.88,-0.0029999999999998916,171.12000000000262,0.3
South Dakota,2008,46032,39734.08,1.159,6297.919999999998,15.9,1.158,39764.08,0.001000000000000112,-30.0,-0.1
South Dakota,2009,45043,39784.46,1.132,5258.540000000001,13.2,1.13,39854.02,0.0020000000000000018,-69.55999999999767,-0.2
South Dakota,2010,45904,42460.64,1.081,3443.3600000000006,8.1,1.079,42541.69,0.0020000000000000018,-81.05000000000291,-0.2
South Dakota,2011,48321,43336.29,1.115,4984.709999999999,11.5,1.114,43383.96,0.0009999999999998899,-47.669999999998254,-0.1
South Dakota,2012,48362,46214.16,1.046,2147.8399999999965,4.6,1.043,46354.08,0.0030000000000001137,-139.91999999999825,-0.3
South Dakota,2013,48947,46802.62,1.046,2144.3799999999974,4.6,1.042,46955.63,0.0040000000000000036,-153.00999999999476,-0.3
South Dakota,2014,50979,46849.76,1.088,4129.239999999998,8.8,1.086,46927.63,0.0020000000000000018,-77.86999999999534,-0.2
South Dakota,2015,53017,45995.45,1.153,7021.550000000003,15.3,1.151,46068.33,0.0020000000000000018,-72.88000000000466,-0.2
South Dakota,2016,54467,46103.28,1.181,8363.720000000001,18.1,1.179,46212.08,0.0020000000000000018,-108.80000000000291,-0.2
South Dakota,2017,56521,47266.53,1.196,9254.470000000001,19.6,1.193,47376.49,0.0029999999999998916,-109.95999999999913,-0.2
South Dakota,2018,56274,50117.97,1.123,6156.029999999999,12.3,1.12,50237.0,0.0029999999999998916,-119.02999999999884,-0.2
South Dakota,2019,59533,51282.5,1.161,8250.5,16.1,1.158,51401.71,0.0030000000000001137,-119.20999999999913,-0.2
South Dakota,2021,66143,53180.96,1.244,12962.04,24.4,1.243,53210.91,0.0009999999999998899,-29.950000000004366,-0.1
South Dakota,2022,69728,56946.09,1.224,12781.910000000003,22.4,1.224,56969.31,0.0,-23.220000000001164,-0.0
South Dakota,2023,71810,59503.68,1.207,12306.32,20.7,1.206,59540.45,0.001000000000000112,-36.7699999999968,-0.1
Tennessee,2008,43614,44144.43,0.988,-530.4300000000003,-1.2,0.988,44154.91,0.0,-10.480000000003201,-0.0
Tennessee,2009,41725,43250.12,0.965,-1525.1200000000026,-3.5,0.964,43290.75,0.0010000000000000009,-40.62999999999738,-0.1
Tennessee,2010,41461,44903.76,0.923,-3442.760000000002,-7.7,0.921,44994.93,0.0020000000000000018,-91.16999999999825,-0.2
Tennessee,2011,41693,46687.32,0.893,-4994.32,-10.7,0.891,46813.48,0.0020000000000000018,-126.16000000000349,-0.3
Tennessee,2012,42764,47926.2,0.892,-5162.199999999997,-10.8,0.889,48092.25,0.0030000000000000027,-166.0500000000029,-0.3
Tennessee,2013,44297,48404.21,0.915,-4107.209999999999,-8.5,0.912,48577.07,0.0030000000000000027,-172.86000000000058,-0.4
Tennessee,2014,44361,48860.21,0.908,-4499.209999999999,-9.2,0.905,49035.73,0.0030000000000000027,-175.52000000000407,-0.4
Tennessee,2015,47275,48635.15,0.972,-1360.1500000000015,-2.8,0.968,48837.67,0.0040000000000000036,-202.5199999999968,-0.4
Tennessee,2016,48547,49684.75,0.977,-1137.75,-2.3,0.972,49948.31,0.0050000000000000044,-263.5599999999977,-0.5
Tennessee,2017,51340,50577.8,1.015,762.1999999999971,1.5,1.01,50837.25,0.004999999999999893,-259.4499999999971,-0.5
Tennessee,2018,52375,50253.91,1.042,2121.0899999999965,4.2,1.038,50457.53,0.0040000000000000036,-203.61999999999534,-0.4
Tennessee,2019,56071,52230.06,1.074,3840.9400000000023,7.4,1.069,52434.28,0.0050000000000001155,-204.22000000000116,-0.4
Tennessee,2021,59695,55169.22,1.082,4525.779999999999,8.2,1.079,55313.56,0.0030000000000001137,-144.3399999999965,-0.3
Tennessee,2022,65254,60511.7,1.078,4742.300000000003,7.8,1.076,60667.91,0.0020000000000000018,-156.2100000000064,-0.3
Tennessee,2023,67631,63350.14,1.068,4280.860000000001,6.8,1.065,63498.58,0.0030000000000001137,-148.44000000000233,-0.2
Texas,2008,50043,46735.89,1.071,3307.1100000000006,7.1,1.063,47088.42,0.008000000000000007,-352.52999999999884,-0.7
Texas,2009,48259,46191.8,1.045,2067.199999999997,4.5,1.035,46613.46,0.010000000000000009,-421.6599999999962,-0.9
Texas,2010,48615,47649.49,1.02,965.510000000002,2.0,1.011,48074.36,0.009000000000000119,-424.8700000000026,-0.9
Texas,2011,49392,49124.6,1.005,267.40000000000146,0.5,0.996,49607.1,0.008999999999999897,-482.5,-1.0
Texas,2012,50740,50622.68,1.002,117.31999999999971,0.2,0.992,51174.26,0.010000000000000009,-551.5800000000017,-1.1
Texas,2013,51704,51459.67,1.005,244.33000000000175,0.5,0.993,52053.77,0.0119999999999999,-594.0999999999985,-1.1
Texas,2014,53035,52537.78,1.009,497.22000000000116,0.9,0.997,53212.43,0.0119999999999999,-674.6500000000015,-1.3
Texas,2015,55653,52416.53,1.062,3236.470000000001,6.2,1.048,53095.2,0.014000000000000012,-678.6699999999983,-1.3
Texas,2016,56565,53152.01,1.064,3412.989999999998,6.4,1.05,53882.8,0.014000000000000012,-730.7900000000009,-1.4
Texas,2017,59206,54149.76,1.093,5056.239999999998,9.3,1.08,54816.15,0.0129999999999999,-666.3899999999994,-1.2
Texas,2018,60629,55709.5,1.088,4919.5,8.8,1.075,56377.56,0.013000000000000123,-668.0599999999977,-1.2
Texas,2019,64034,57133.47,1.121,6900.529999999999,12.1,1.108,57797.08,0.0129999999999999,-663.6100000000006,-1.1
Texas,2021,66963,60700.28,1.103,6262.720000000001,10.3,1.092,61315.09,0.010999999999999899,-614.8099999999977,-1.0
Texas,2022,72284,65511.2,1.103,6772.800000000003,10.3,1.093,66161.83,0.010000000000000009,-650.6300000000047,-1.0
Texas,2023,75780,68116.73,1.113,7663.270000000004,11.3,1.102,68760.28,0.010999999999999899,-643.5500000000029,-0.9
Utah,2008,56633,48607.83,1.165,8025.169999999998,16.5,1.169,48459.33,-0.0040000000000000036,148.5,0.3
Utah,2009,55117,49742.89,1.108,5374.110000000001,10.8,1.111,49599.86,-0.0029999999999998916,143.02999999999884,0.3
Utah,2010,54744,48588.76,1.127,6155.239999999998,12.7,1.127,48596.24,0.0,-7.4799999999959255,-0.0
Utah,2011,55869,51703.17,1.081,4165.830000000002,8.1,1.08,51753.25,0.0009999999999998899,-50.080000000001746,-0.1
Utah,2012,57049,52582.98,1.085,4466.019999999997,8.5,1.084,52615.63,0.0009999999999998899,-32.64999999999418,-0.1
Utah,2013,59770,53035.88,1.127,6734.120000000003,12.7,1.126,53103.23,0.001000000000000112,-67.35000000000582,-0.1
Utah,2014,60922,53205.27,1.145,7716.730000000003,14.5,1.144,53270.75,0.001000000000000112,-65.4800000000032,-0.1
Utah,2015,62912,52793.28,1.192,10118.720000000001,19.2,1.19,52877.54,0.0020000000000000018,-84.26000000000204,-0.2
Utah,2016,65977,53831.42,1.226,12145.580000000002,22.6,1.225,53840.55,0.0009999999999998899,-9.130000000004657,-0.0
Utah,2017,68358,55517.53,1.231,12840.470000000001,23.1,1.231,55525.98,0.0,-8.450000000004366,-0.0
Utah,2018,71414,56065.88,1.274,15348.120000000003,27.4,1.275,56023.22,-0.0009999999999998899,42.65999999999622,0.1
Utah,2019,75780,57727.98,1.313,18052.019999999997,31.3,1.314,57677.04,-0.001000000000000112,50.94000000000233,0.1
Utah,2021,79449,60210.52,1.32,19238.480000000003,32.0,1.319,60236.52,0.001000000000000112,-26.0,-0.0
Utah,2022,89168,66377.98,1.343,22790.020000000004,34.3,1.346,66259.11,-0.0030000000000001137,118.86999999999534,0.2
Utah,2023,93421,69122.83,1.352,24298.17,35.2,1.352,69113.52,0.0,9.309999999997672,0.0
Vermont,2008,52104,49764.76,1.047,2339.239999999998,4.7,1.051,49569.14,-0.0040000000000000036,195.62000000000262,0.4
Vermont,2009,51618,49865.96,1.035,1752.0400000000009,3.5,1.038,49747.62,-0.0030000000000001137,118.33999999999651,0.2
Vermont,2010,49406,49573.88,0.997,-167.87999999999738,-0.3,0.997,49540.51,0.0,33.36999999999534,0.1
Vermont,2011,52776,51684.39,1.021,1091.6100000000006,2.1,1.023,51568.97,-0.0020000000000000018,115.41999999999825,0.2
Vermont,2012,52977,53580.69,0.989,-603.6900000000023,-1.1,0.991,53480.25,-0.0020000000000000018,100.44000000000233,0.2
Vermont,2013,52578,53603.13,0.981,-1025.1299999999974,-1.9,0.982,53514.74,-0.0010000000000000009,88.38999999999942,0.2
Vermont,2014,54166,53364.42,1.015,801.5800000000017,1.5,1.015,53364.43,0.0,-0.010000000002037268,-0.0
Vermont,2015,56990,54314.96,1.049,2675.040000000001,4.9,1.05,54251.8,-0.001000000000000112,63.15999999999622,0.1
Vermont,2016,57677,52759.08,1.093,4917.919999999998,9.3,1.093,52772.22,0.0,-13.139999999999418,-0.0
Vermont,2017,57513,55478.44,1.037,2034.5599999999977,3.7,1.036,55520.68,0.0009999999999998899,-42.23999999999796,-0.1
Vermont,2018,60782,57828.45,1.051,2953.550000000003,5.1,1.055,57606.77,-0.0040000000000000036,221.6800000000003,0.4
Vermont,2019,63001,57855.48,1.089,5145.519999999997,8.9,1.091,57768.61,-0.0020000000000000018,86.87000000000262,0.2
Vermont,2021,72431,60927.92,1.189,11503.080000000002,18.9,1.193,60700.9,-0.0040000000000000036,227.0199999999968,0.4
Vermont,2022,73991,66790.41,1.108,7200.5899999999965,10.8,1.113,66469.75,-0.004999999999999893,320.6600000000035,0.5
Vermont,2023,81211,65847.99,1.233,15363.009999999995,23.3,1.238,65620.7,-0.004999999999999893,227.29000000000815,0.3
Virginia,2008,61233,52099.69,1.175,9133.309999999998,17.5,1.172,52226.6,0.0030000000000001137,-126.90999999999622,-0.2
Virginia,2009,59330,51453.75,1.153,7876.25,15.3,1.149,51628.53,0.0040000000000000036,-174.77999999999884,-0.3
Virginia,2010,60674,52804.93,1.149,7869.07,14.9,1.145,53003.69,0.0040000000000000036,-198.76000000000204,-0.4
Virginia,2011,61882,54547.17,1.134,7334.830000000002,13.4,1.13,54770.43,0.0040000000000000036,-223.26000000000204,-0.4
Virginia,2012,61741,55096.59,1.121,6644.4100000000035,12.1,1.114,55413.49,0.006999999999999895,-316.90000000000146,-0.6
Virginia,2013,62666,56624.15,1.107,6041.8499999999985,10.7,1.099,57027.79,0.008000000000000007,-403.6399999999994,-0.7
Virginia,2014,64902,57251.03,1.134,7650.970000000001,13.4,1.125,57684.67,0.008999999999999897,-433.6399999999994,-0.8
Virginia,2015,66262,57117.84,1.16,9144.160000000003,16.0,1.151,57580.06,0.008999999999999897,-462.22000000000116,-0.8
Virginia,2016,68114,57215.01,1.19,10898.989999999998,19.0,1.182,57633.54,0.008000000000000007,-418.52999999999884,-0.7
Virginia,2017,71535,58012.22,1.233,13522.779999999999,23.3,1.227,58324.32,0.006000000000000005,-312.09999999999854,-0.5
Virginia,2018,72577,60020.89,1.209,12556.11,20.9,1.201,60426.1,0.008000000000000007,-405.2099999999991,-0.7
Virginia,2019,76456,59651.56,1.282,16804.440000000002,28.2,1.275,59988.93,0.007000000000000117,-337.3700000000026,-0.6
Virginia,2021,80963,64903.03,1.247,16059.970000000001,24.7,1.243,65138.5,0.0040000000000000036,-235.47000000000116,-0.4
Virginia,2022,85873,69795.06,1.23,16077.940000000002,23.0,1.226,70041.93,0.0040000000000000036,-246.86999999999534,-0.4
Virginia,2023,89931,71668.3,1.255,18262.699999999997,25.5,1.251,71861.76,0.0040000000000000036,-193.45999999999185,-0.3
Washington,2008,58078,52886.08,1.098,5191.919999999998,9.8,1.087,53440.91,0.01100000000000012,-554.8300000000017,-1.0
Washington,2009,56548,52328.66,1.081,4219.3399999999965,8.1,1.068,52963.13,0.0129999999999999,-634.4699999999939,-1.2
Washington,2010,55631,52198.08,1.066,3432.9199999999983,6.6,1.051,52924.26,0.015000000000000124,-726.1800000000003,-1.4
Washington,2011,56835,54483.45,1.043,2351.550000000003,4.3,1.028,55271.29,0.014999999999999902,-787.8400000000038,-1.4
Washington,2012,57573,54827.41,1.05,2745.5899999999965,5.0,1.035,55629.34,0.015000000000000124,-801.929999999993,-1.4
Washington,2013,58405,55736.26,1.048,2668.739999999998,4.8,1.032,56597.89,0.016000000000000014,-861.6299999999974,-1.5
Washington,2014,61366,57532.33,1.067,3833.6699999999983,6.7,1.049,58471.86,0.018000000000000016,-939.5299999999988,-1.6
Washington,2015,64129,57973.69,1.106,6155.309999999998,10.6,1.09,58849.68,0.016000000000000014,-875.989999999998,-1.5
Washington,2016,67106,59419.52,1.129,7686.480000000003,12.9,1.112,60337.01,0.016999999999999904,-917.4900000000052,-1.5
Washington,2017,70979,62117.57,1.143,8861.43,14.3,1.126,63012.2,0.017000000000000126,-894.6299999999974,-1.4
Washington,2018,74073,63939.75,1.158,10133.25,15.8,1.143,64832.05,0.014999999999999902,-892.3000000000029,-1.4
Washington,2019,78687,65728.37,1.197,12958.630000000005,19.7,1.181,66628.6,0.016000000000000014,-900.2300000000105,-1.4
Washington,2021,84247,70207.98,1.2,14039.020000000004,20.0,1.188,70914.47,0.01200000000000001,-706.4900000000052,-1.0
Washington,2022,91306,77305.92,1.181,14000.080000000002,18.1,1.17,78034.67,0.01100000000000012,-728.75,-0.9
Washington,2023,94605,78597.01,1.204,16007.990000000005,20.4,1.192,79398.95,0.01200000000000001,-801.9400000000023,-1.0
West Virginia,2008,37989,41832.77,0.908,-3843.769999999997,-9.2,0.911,41690.82,-0.0030000000000000027,141.9499999999971,0.3
West Virginia,2009,37435,40847.52,0.916,-3412.519999999997,-8.4,0.919,40719.18,-0.0030000000000000027,128.3399999999965,0.3
West Virginia,2010,38218,42845.74,0.892,-4627.739999999998,-10.8,0.895,42678.72,-0.0030000000000000027,167.0199999999968,0.4
West Virginia,2011,38482,44438.16,0.866,-5956.1600000000035,-13.4,0.867,44361.09,-0.0010000000000000009,77.07000000000698,0.2
West Virginia,2012,40196,45169.57,0.89,-4973.57,-11.0,0.891,45101.9,-0.0010000000000000009,67.66999999999825,0.2
West Virginia,2013,41253,46419.75,0.889,-5166.75,-11.1,0.89,46330.52,-0.0010000000000000009,89.2300000000032,0.2
West Virginia,2014,41059,46847.78,0.876,-5788.779999999999,-12.4,0.878,46774.0,-0.0020000000000000018,73.77999999999884,0.2
West Virginia,2015,42019,46881.47,0.896,-4862.470000000001,-10.4,0.898,46791.15,-0.0020000000000000018,90.31999999999971,0.2
West Virginia,2016,43385,46935.31,0.924,-3550.3099999999977,-7.6,0.926,46850.39,-0.0020000000000000018,84.91999999999825,0.2
West Virginia,2017,43469,47426.29,0.917,-3957.290000000001,-8.3,0.918,47333.55,-0.0010000000000000009,92.73999999999796,0.2
West Virginia,2018,44097,48889.49,0.902,-4792.489999999998,-9.8,0.904,48806.43,-0.0020000000000000018,83.05999999999767,0.2
West Virginia,2019,48850,49369.82,0.989,-519.8199999999997,-1.1,0.992,49233.83,-0.0030000000000000027,135.98999999999796,0.3
West Virginia,2021,51248,53648.62,0.955,-2400.6200000000026,-4.5,0.959,53421.31,-0.0040000000000000036,227.31000000000495,0.4
West Virginia,2022,54329,56630.25,0.959,-2301.25,-4.1,0.962,56474.69,-0.0030000000000000027,155.55999999999767,0.3
West Virginia,2023,55948,59133.21,0.946,-3185.209999999999,-5.4,0.949,58979.43,-0.0030000000000000027,153.77999999999884,0.3
Wisconsin,2008,52094,45209.4,1.152,6884.5999999999985,15.2,1.152,45202.16,0.0,7.239999999997963,0.0
Wisconsin,2009,49993,45199.46,1.106,4793.540000000001,10.6,1.104,45269.76,0.0020000000000000018,-70.30000000000291,-0.2
Wisconsin,2010,49001,46562.98,1.052,2438.019999999997,5.2,1.05,46658.16,0.0020000000000000018,-95.18000000000029,-0.2
Wisconsin,2011,50395,47946.84,1.051,2448.1600000000035,5.1,1.048,48099.75,0.0029999999999998916,-152.9100000000035,-0.3
Wisconsin,2012,51059,49100.18,1.04,1958.8199999999997,4.0,1.036,49293.05,0.0040000000000000036,-192.87000000000262,-0.4
Wisconsin,2013,51467,49340.88,1.043,2126.1200000000026,4.3,1.039,49531.41,0.0040000000000000036,-190.5300000000061,-0.4
Wisconsin,2014,52622,49910.02,1.054,2711.980000000003,5.4,1.05,50128.88,0.0040000000000000036,-218.86000000000058,-0.4
Wisconsin,2015,55638,49740.11,1.119,5897.889999999999,11.9,1.114,49958.28,0.004999999999999893,-218.16999999999825,-0.4
Wisconsin,2016,56811,49926.09,1.138,6884.9100000000035,13.8,1.133,50145.78,0.004999999999999893,-219.69000000000233,-0.4
Wisconsin,2017,59305,51457.67,1.153,7847.330000000002,15.3,1.147,51718.92,0.006000000000000005,-261.25,-0.5
Wisconsin,2018,60773,52760.02,1.152,8012.980000000003,15.2,1.147,52971.93,0.004999999999999893,-211.9100000000035,-0.4
Wisconsin,2019,64168,53738.81,1.194,10429.190000000002,19.4,1.189,53946.18,0.004999999999999893,-207.37000000000262,-0.4
Wisconsin,2021,67125,56084.35,1.197,11040.650000000001,19.7,1.194,56212.83,0.0030000000000001137,-128.4800000000032,-0.2
Wisconsin,2022,70996,60491.33,1.174,10504.669999999998,17.4,1.171,60635.72,0.0029999999999998916,-144.38999999999942,-0.2
Wisconsin,2023,74631,63268.57,1.18,11362.43,18.0,1.176,63438.4,0.0040000000000000036,-169.83000000000175,-0.3
Wyoming,2008,53207,45933.63,1.158,7273.370000000003,15.8,1.159,45926.86,-0.001000000000000112,6.769999999996799,0.0
Wyoming,2009,52664,47152.98,1.117,5511.019999999997,11.7,1.119,47078.81,-0.0020000000000000018,74.17000000000553,0.2
Wyoming,2010,53512,47175.23,1.134,6336.769999999997,13.4,1.134,47197.79,0.0,-22.55999999999767,-0.0
Wyoming,2011,56322,50402.34,1.117,5919.6600000000035,11.7,1.119,50353.07,-0.0020000000000000018,49.2699999999968,0.1
Wyoming,2012,54901,50211.05,1.093,4689.949999999997,9.3,1.092,50284.05,0.0009999999999998899,-73.0,-0.1
Wyoming,2013,58752,51716.85,1.136,7035.1500000000015,13.6,1.134,51790.81,0.0020000000000000018,-73.95999999999913,-0.1
Wyoming,2014,57055,52497.95,1.087,4557.050000000003,8.7,1.081,52774.48,0.006000000000000005,-276.5300000000061,-0.5
Wyoming,2015,60214,51615.35,1.167,8598.650000000001,16.7,1.163,51754.3,0.0040000000000000036,-138.95000000000437,-0.3
Wyoming,2016,59882,53399.04,1.121,6482.959999999999,12.1,1.119,53506.27,0.0020000000000000018,-107.22999999999593,-0.2
Wyoming,2017,60434,53680.65,1.126,6753.3499999999985,12.6,1.127,53619.52,-0.001000000000000112,61.13000000000466,0.1
Wyoming,2018,61584,51953.54,1.185,9630.46,18.5,1.186,51934.18,-0.0009999999999998899,19.360000000000582,0.0
Wyoming,2019,65003,54268.2,1.198,10734.800000000003,19.8,1.201,54114.05,-0.0030000000000001137,154.14999999999418,0.3
Wyoming,2021,65204,56122.53,1.162,9081.470000000001,16.2,1.164,56012.47,-0.0020000000000000018,110.05999999999767,0.2
Wyoming,2022,70042,61399.84,1.141,8642.160000000003,14.1,1.146,61137.53,-0.004999999999999893,262.3099999999977,0.4
Wyoming,2023,72415,62547.98,1.158,9867.019999999997,15.8,1.16,62445.87,-0.0020000000000000018,102.11000000000058,0.2
