state,year,median_income,col_index,purchasing_power,mli
Alabama,2008,42666,41894.86,1.0184066268563705,76.12
Alabama,2009,40489,41445.92,0.9769116702134979,73.02
Alabama,2010,40474,42330.83,0.9561353704744624,71.46
Alabama,2011,41415,42313.27,0.9787708583035803,73.15
Alabama,2012,41574,42580.08,0.9763721532151817,72.97
Alabama,2013,42849,42490.47,1.0084378090067647,75.37
Alabama,2014,42830,42223.83,1.0143560151359063,75.81
Alabama,2015,44765,41926.13,1.0677112594868943,79.8
Alabama,2016,46257,42378.16,1.0915293118047737,81.58
Alabama,2017,48123,42214.03,1.139976340569584,85.2
Alabama,2018,49861,41011.81,1.2157717200052442,90.87
Alabama,2019,51734,41621.73,1.2429564738669807,92.9
Alabama,2021,53913,41471.32,1.300006863779678,97.16
Alabama,2022,59674,41158.18,1.4498695879066288,108.36
Alabama,2023,62212,42172.11,1.475192825287345,110.26
Alaska,2008,68460,52783.8,1.2969888611372131,96.94
Alaska,2009,66953,55326.92,1.2101341910905508,90.45
Alaska,2010,64576,53495.56,1.2071281838961536,90.22
Alaska,2011,67825,52880.54,1.2826078461164077,95.86
Alaska,2012,67712,53492.39,1.2658250210209825,94.61
Alaska,2013,72237,52937.69,1.3645665180652338,101.99
Alaska,2014,71583,53306.03,1.342868664469342,100.37
Alaska,2015,73355,53708.43,1.365800489792757,102.08
Alaska,2016,76440,53288.84,1.4344466602304224,107.21
Alaska,2017,73181,53595.9,1.3654215195756518,102.05
Alaska,2018,74346,52249.92,1.4228921307439324,106.35
Alaska,2019,75463,51071.08,1.4776071719958008,110.44
Alaska,2021,77845,52835.9,1.4733352811250335,110.12
Alaska,2022,88121,50801.36,1.734618881568941,129.65
Alaska,2023,86631,50120.83,1.7284429410820048,129.19
Arizona,2008,50958,51679.33,0.9860422715265288,73.7
Arizona,2009,48745,51649.25,0.9437697089614221,70.54
Arizona,2010,46789,49963.19,0.9364693444491425,69.99
Arizona,2011,46709,49173.02,0.9498907175224629,71.0
Arizona,2012,47826,48903.7,0.9779627526365436,73.09
Arizona,2013,48510,48758.57,0.9949020652124156,74.36
Arizona,2014,50068,48496.2,1.0324108400457581,77.16
Arizona,2015,51492,48683.03,1.0576990961101376,79.05
Arizona,2016,53558,48664.97,1.100545195023336,82.26
Arizona,2017,56581,48534.8,1.165782078014126,87.13
Arizona,2018,59246,48360.4,1.2250931947888564,91.56
Arizona,2019,62055,48456.05,1.2806449588454925,95.72
Arizona,2021,69056,49331.02,1.3998494679366895,104.63
Arizona,2022,74568,51047.53,1.4607563653377371,109.18
Arizona,2023,77315,51639.76,1.4971990429738726,111.9
Arkansas,2008,38815,41597.36,0.9331120004008908,69.74
Arkansas,2009,37823,40812.98,0.9267395969051507,69.27
Arkansas,2010,38307,41945.54,0.9132557146636023,68.26
Arkansas,2011,38758,42246.06,0.9174346781384426,68.57
Arkansas,2012,40112,41991.58,0.9552391331219156,71.4
Arkansas,2013,40511,42048.15,0.9634430545247268,72.01
Arkansas,2014,41262,42003.19,0.9823539476126223,73.42
Arkansas,2015,41995,41660.98,1.0080176589235732,75.34
Arkansas,2016,44334,41825.3,1.0599805058170835,79.22
Arkansas,2017,45869,41302.82,1.1105538044844956,83.0
Arkansas,2018,47062,40725.21,1.1555986356117847,86.37
Arkansas,2019,48952,41069.51,1.1919303307079512,89.09
Arkansas,2021,52528,41698.34,1.2597144154899214,94.15
Arkansas,2022,55432,40394.08,1.3722804474136312,102.57
Arkansas,2023,58700,40315.79,1.4560051126366917,108.82
California,2008,61021,63031.6,0.9681017524583603,72.36
California,2009,58931,62362.25,0.9449786952451726,70.63
California,2010,57708,61593.26,0.9369207259664687,70.03
California,2011,57287,61526.58,0.9310934679153767,69.59
California,2012,58328,61490.58,0.9485680879434895,70.9
California,2013,60190,61417.41,0.9800152359072437,73.25
California,2014,61933,61843.12,1.0014534358432625,74.85
California,2015,64500,62190.57,1.0371347796201955,77.52
California,2016,67739,62236.85,1.088406705960057,81.35
California,2017,71805,62865.59,1.1421987767871105,85.37
California,2018,75277,63453.93,1.1863252318731423,88.67
California,2019,80440,63477.05,1.2672296423098612,94.71
California,2021,84907,63849.83,1.3297921804063164,99.39
California,2022,91551,63237.43,1.447734390401406,108.2
California,2023,95521,62781.74,1.5214774110953486,113.72
Colorado,2008,56993,53698.12,1.061359367020641,79.33
Colorado,2009,55430,53090.87,1.0440590567494317,78.03
Colorado,2010,54046,52395.83,1.031494280527777,77.09
Colorado,2011,55387,54019.28,1.0253190418565992,76.63
Colorado,2012,56765,53536.0,1.0603145447893516,79.25
Colorado,2013,58823,53863.41,1.0920771025036977,81.62
Colorado,2014,61303,54085.03,1.133456051218317,84.72
Colorado,2015,63909,54560.57,1.171340348380692,87.55
Colorado,2016,65685,54813.71,1.1983316508770334,89.56
Colorado,2017,69117,55292.16,1.25003253173628,93.43
Colorado,2018,71953,54396.2,1.322757876177689,98.86
Colorado,2019,77127,55690.99,1.3849097893605486,103.51
Colorado,2021,82254,55544.43,1.4808686520509848,110.68
Colorado,2022,89302,55363.74,1.6130052635987588,120.56
Colorado,2023,92911,55007.81,1.6890510177813565,126.24
Connecticut,2008,68595,58288.06,1.1768276182664577,87.96
Connecticut,2009,67034,59046.75,1.1352699151897452,84.85
Connecticut,2010,64032,56419.71,1.13492260013795,84.82
Connecticut,2011,65753,56884.94,1.1558946275115367,86.39
Connecticut,2012,67276,57125.11,1.1776957113213562,88.02
Connecticut,2013,67098,56812.99,1.1810328115919908,88.27
Connecticut,2014,70048,56312.96,1.2439055654980573,92.97
Connecticut,2015,71346,57181.76,1.2477054856833856,93.25
Connecticut,2016,73433,56371.51,1.3026615518608329,97.36
Connecticut,2017,74168,55478.05,1.3368891903655005,99.92
Connecticut,2018,76348,54579.52,1.3988398010084973,104.55
Connecticut,2019,78833,53601.71,1.4707178816080593,109.92
Connecticut,2021,83771,53601.66,1.5628434478649895,116.81
Connecticut,2022,88429,54575.68,1.6203003223871584,121.1
Connecticut,2023,91665,53171.64,1.7239454509167256,128.85
Delaware,2008,57989,49838.63,1.1635351000992524,86.96
Delaware,2009,56860,51510.73,1.103847619485438,82.5
Delaware,2010,55847,50598.73,1.1037234415743986,82.49
Delaware,2011,58814,50235.99,1.170754378850595,87.5
Delaware,2012,58415,49707.52,1.1751743468664035,87.83
Delaware,2013,57846,49382.93,1.171376448731909,87.55
Delaware,2014,59716,50285.86,1.1875307324237383,88.76
Delaware,2015,61255,48726.06,1.257130206827626,93.96
Delaware,2016,61757,48914.83,1.2625413774032652,94.36
Delaware,2017,62852,48759.99,1.2890077267658009,96.34
Delaware,2018,64805,49654.37,1.3051217059975766,97.55
Delaware,2019,70176,48956.95,1.433422761230069,107.14
Delaware,2021,71091,48684.43,1.460240864667339,109.14
Delaware,2022,82174,49118.77,1.6729654131390266,125.04
Delaware,2023,81361,49719.07,1.6364142918838065,122.31
Florida,2008,47778,52671.09,0.9071010732406084,67.8
Florida,2009,44736,51577.42,0.86735636387833,64.83
Florida,2010,44409,51283.01,0.8659592855618473,64.72
Florida,2011,44299,51376.9,0.8622357099087474,64.44
Florida,2012,45040,51599.73,0.8728728182443133,65.24
Florida,2013,46036,51374.07,0.8960940365395406,66.97
Florida,2014,47463,51486.68,0.9218500337441629,68.9
Florida,2015,49426,51676.19,0.9564559801420341,71.49
Florida,2016,50860,51665.04,0.9844181662817385,73.58
Florida,2017,52594,51880.71,1.0137486944087193,75.77
Florida,2018,55462,51690.62,1.0729605742318156,80.19
Florida,2019,59227,51523.0,1.1495253765631113,85.92
Florida,2021,63062,52365.74,1.2042605447918342,90.01
Florida,2022,69303,53003.96,1.3075061300139132,97.72
Florida,2023,73311,54322.37,1.3495545205409851,100.87
Georgia,2008,50861,45956.71,1.1067154405386659,82.72
Georgia,2009,47590,45483.12,1.0463222054801142,78.2
Georgia,2010,46430,46018.37,1.0089449719065433,75.41
Georgia,2011,46007,45658.53,1.0076320125349623,75.31
Georgia,2012,47209,46108.11,1.0238763767901937,76.53
Georgia,2013,47829,45885.46,1.0423564277099044,77.91
Georgia,2014,49321,45849.15,1.0757232996528114,80.4
Georgia,2015,51244,45862.6,1.117337389623031,83.51
Georgia,2016,53559,46063.96,1.1627094784463536,86.9
Georgia,2017,56183,46221.95,1.2155046758842059,90.85
Georgia,2018,58756,46195.48,1.2718993562118925,95.06
Georgia,2019,61980,45957.23,1.348645280593397,100.8
Georgia,2021,66559,46833.88,1.4211721598824338,106.22
Georgia,2022,72837,47181.36,1.5437664202158816,115.38
Georgia,2023,74632,47634.37,1.5667678775511031,117.1
Hawaii,2008,67214,59919.25,1.1217430967150612,83.84
Hawaii,2009,64098,60648.35,1.0568795184554975,78.99
Hawaii,2010,63030,59564.54,1.0581798371680657,79.09
Hawaii,2011,61821,59555.55,1.038039267221617,77.58
Hawaii,2012,66259,58133.74,1.1397685010261254,85.19
Hawaii,2013,68020,61759.93,1.1013613340986408,82.32
Hawaii,2014,69592,60350.62,1.1531280840349878,86.19
Hawaii,2015,73486,61983.56,1.1855723463596548,88.61
Hawaii,2016,74511,59563.98,1.2509406272361459,93.5
Hawaii,2017,77765,61394.92,1.26663578246004,94.67
Hawaii,2018,80212,60894.03,1.3172390474472504,98.45
Hawaii,2019,83102,60832.28,1.3660839053528175,102.1
Hawaii,2021,84857,59987.88,1.414569170610408,105.73
Hawaii,2022,92458,58643.02,1.576624177152683,117.84
Hawaii,2023,95322,57012.55,1.6719475943477535,124.96
Idaho,2008,47576,46780.35,1.0170081552934,76.01
Idaho,2009,44926,46548.34,0.9651471685623858,72.14
Idaho,2010,43490,45460.65,0.9566515637876521,71.5
Idaho,2011,43341,45645.62,0.9495106824716748,70.97
Idaho,2012,45489,45327.96,1.0035528736785844,75.01
Idaho,2013,46783,45667.98,1.0244157493098776,76.57
Idaho,2014,47861,45491.88,1.0520778884512554,78.63
Idaho,2015,48275,45536.78,1.0601319932957494,79.24
Idaho,2016,51807,45032.16,1.150444495116873,85.99
Idaho,2017,52225,45687.59,1.143089516078717,85.44
Idaho,2018,55583,44885.91,1.2383171870284924,92.55
Idaho,2019,60999,45169.52,1.3504459035157,100.93
Idaho,2021,66474,45760.03,1.4526650521937456,108.57
Idaho,2022,72785,46258.24,1.5734494175897034,117.6
Idaho,2023,74942,45862.05,1.6340742352498454,122.13
Illinois,2008,56235,50736.5,1.1083736123550654,82.84
Illinois,2009,53966,51452.71,1.048846539928808,78.39
Illinois,2010,52972,51707.22,1.0244603940327794,76.57
Illinois,2011,53234,51712.41,1.0294241280489598,76.94
Illinois,2012,55137,51037.08,1.0803321185107697,80.74
Illinois,2013,56210,50890.74,1.1045231519970349,82.55
Illinois,2014,57444,50734.14,1.1322552546122637,84.63
Illinois,2015,59588,50407.72,1.182120516460574,88.35
Illinois,2016,60960,50218.0,1.213907255116041,90.73
Illinois,2017,62992,50366.08,1.2506830241837965,93.48
Illinois,2018,65030,50417.34,1.2898340262480532,96.4
Illinois,2019,69187,50207.99,1.3780077770291919,102.99
Illinois,2021,72205,50486.38,1.430187564429499,106.89
Illinois,2022,76708,50055.88,1.5324472143974124,114.54
Illinois,2023,80306,49080.78,1.636200682358805,122.29
Indiana,2008,47966,44358.75,1.0813199443473935,80.82
Indiana,2009,45424,44551.59,1.0195820629334247,76.2
Indiana,2010,44613,45074.72,0.9897565971487986,73.98
Indiana,2011,46438,44849.12,1.0354273318946503,77.39
Indiana,2012,46974,44788.08,1.0488059366515319,78.39
Indiana,2013,47529,44925.69,1.0579470585075175,79.07
Indiana,2014,49446,44882.37,1.1016797173358013,82.34
Indiana,2015,50532,44305.45,1.1405368479316818,85.24
Indiana,2016,52314,44075.32,1.186922870693915,88.71
Indiana,2017,54181,43792.78,1.237213117226622,92.47
Indiana,2018,55746,44501.66,1.252672386296066,93.63
Indiana,2019,57603,44281.99,1.3008222247451942,97.22
Indiana,2021,62743,44022.07,1.4252624388295434,106.53
Indiana,2022,66785,43612.37,1.531331469496839,114.45
Indiana,2023,69477,43840.82,1.584755905916999,118.45
Iowa,2008,48980,41323.56,1.1852802184051827,88.59
Iowa,2009,48044,42808.09,1.1223111611431882,83.88
Iowa,2010,47961,43505.68,1.1024077268803647,82.39
Iowa,2011,49427,43310.03,1.1412368384841862,85.3
Iowa,2012,50957,43637.64,1.167730534257172,87.28
Iowa,2013,52229,43699.78,1.195177778375289,89.33
Iowa,2014,53712,43906.86,1.223316881651118,91.43
Iowa,2015,54736,43237.69,1.2659325109212585,94.62
Iowa,2016,56247,43262.72,1.3001261929337389,97.17
Iowa,2017,58570,43271.92,1.3535335603180843,101.16
Iowa,2018,59955,43791.7,1.3690949161387405,102.33
Iowa,2019,61691,43711.34,1.4113269678615472,105.48
Iowa,2021,65600,42422.76,1.5463396384624923,115.57
Iowa,2022,69588,42023.82,1.6559181781102192,123.76
Iowa,2023,71433,42282.63,1.6894169638365366,126.27
Kansas,2008,50177,42954.8,1.1681349718418523,87.31
Kansas,2009,47817,44080.59,1.0847632068791822,81.08
Kansas,2010,48257,44630.15,1.0812644621250416,80.81
Kansas,2011,48964,44952.28,1.0892440564161416,81.41
Kansas,2012,50241,44922.69,1.1183879453179284,83.59
Kansas,2013,50972,44578.11,1.1434312491491758,85.46
Kansas,2014,52504,44681.73,1.175066395425307,87.83
Kansas,2015,53906,44736.44,1.2049685584035223,90.06
Kansas,2016,54935,44231.08,1.242000039451899,92.83
Kansas,2017,56422,43942.66,1.2839915876271975,95.97
Kansas,2018,58218,43920.16,1.3255416493369252,99.07
Kansas,2019,62087,44221.08,1.404013810157261,104.94
Kansas,2021,64124,43176.46,1.4851612303436572,111.0
Kansas,2022,68925,42715.44,1.6135850257530393,120.6
Kansas,2023,70333,42827.66,1.6422332527635093,122.74
Kentucky,2008,41538,42746.57,0.9717270314479599,72.63
Kentucky,2009,40072,42189.46,0.9498107098268314,70.99
Kentucky,2010,40062,43170.22,0.9280009376835395,69.36
Kentucky,2011,41141,42773.56,0.961832519010167,71.89
Kentucky,2012,41724,42872.97,0.9732006651184184,72.74
Kentucky,2013,43399,43033.86,1.0084849113528889,75.37
Kentucky,2014,42958,42926.57,1.0007322388402007,74.8
Kentucky,2015,45215,42825.11,1.0558057618156376,78.91
Kentucky,2016,46659,42667.5,1.0935489669367666,81.73
Kentucky,2017,48375,42323.44,1.142983692121329,85.43
Kentucky,2018,50247,42130.45,1.1926529473798229,89.14
Kentucky,2019,52295,42407.47,1.233155370585001,92.17
Kentucky,2021,55573,42035.49,1.3220494876335631,98.81
Kentucky,2022,59341,41900.99,1.4162196227024437,105.85
Kentucky,2023,61118,42372.94,1.442382922882864,107.8
Louisiana,2008,43733,43412.05,1.0073931201981146,75.29
Louisiana,2009,42492,43463.67,0.9776441213193958,73.07
Louisiana,2010,42505,44219.18,0.9612344253677058,71.84
Louisiana,2011,41734,44402.93,0.9398929093216841,70.25
Louisiana,2012,42944,44590.56,0.963073820177944,71.98
Louisiana,2013,44164,44478.05,0.9929391468641849,74.21
Louisiana,2014,44555,44697.33,0.9968156154102572,74.5
Louisiana,2015,45727,44258.43,1.033181724547882,77.22
Louisiana,2016,45146,44718.32,1.0095637865314875,75.46
Louisiana,2017,46145,44099.76,1.0463776834318277,78.21
Louisiana,2018,47905,43234.04,1.1080388152438663,82.82
Louisiana,2019,51073,43676.94,1.169335674446856,87.4
Louisiana,2021,52087,43160.12,1.2068316071160363,90.2
Louisiana,2022,55416,42763.56,1.2958695852339244,96.85
Louisiana,2023,58229,41847.96,1.3914417479026038,104.0
Maine,2008,46581,47662.24,0.9773145673802124,73.05
Maine,2009,45734,48003.04,0.9527313865578964,71.21
Maine,2010,45815,47759.07,0.959294304457294,71.7
Maine,2011,46033,46981.67,0.9798077090388501,73.23
Maine,2012,46709,47566.74,0.9819676728312193,73.39
Maine,2013,46974,48230.45,0.973948939253724,72.79
Maine,2014,49462,44144.15,1.1204656164164728,83.74
Maine,2015,51494,45973.78,1.1200732852548392,83.72
Maine,2016,53079,47190.36,1.1247847362394734,84.07
Maine,2017,56277,46783.43,1.202925856315971,89.91
Maine,2018,55602,47432.43,1.1722359451936584,87.61
Maine,2019,58924,45132.59,1.3055753878610692,97.58
Maine,2021,64767,46803.55,1.383805170009098,103.43
Maine,2022,69543,48181.09,1.4433671268824995,107.88
Maine,2023,73733,46435.13,1.5878709427219484,118.68
Maryland,2008,70545,57545.05,1.2259091773078086,91.63
Maryland,2009,69272,58520.19,1.1837282950536079,88.47
Maryland,2010,68854,57580.79,1.1957806625591165,89.37
Maryland,2011,70004,58224.77,1.2023061662587933,89.86
Maryland,2012,71122,57391.96,1.2392328339933476,92.62
Maryland,2013,72483,58310.05,1.2430618628944594,92.91
Maryland,2014,73971,57849.4,1.2786822998345169,95.57
Maryland,2015,75847,57022.02,1.330135165579749,99.42
Maryland,2016,78945,56441.45,1.3987061547278707,104.54
Maryland,2017,80776,56144.9,1.4387060223604298,107.53
Maryland,2018,83242,56233.87,1.4802822306150683,110.64
Maryland,2019,86738,55769.15,1.555304223866335,116.24
Maryland,2021,90203,55612.24,1.6219990419375303,121.23
Maryland,2022,94991,55118.36,1.7234004897279682,128.81
Maryland,2023,98678,54388.34,1.814322602179662,135.6
Massachusetts,2008,65401,55451.49,1.1794273221306524,88.15
Massachusetts,2009,64081,55786.25,1.1486880418914687,85.85
Massachusetts,2010,62072,55748.46,1.113429879738918,83.22
Massachusetts,2011,62859,55849.75,1.1255019147400116,84.12
Massachusetts,2012,65339,55865.77,1.1695713405313133,87.41
Massachusetts,2013,66768,55572.56,1.20145631231746,89.8
Massachusetts,2014,69160,56361.84,1.2270713877877548,91.71
Massachusetts,2015,70628,56223.34,1.256204218025636,93.89
Massachusetts,2016,75297,57140.97,1.3177409030909957,98.49
Massachusetts,2017,77385,56923.96,1.3594451861503127,101.61
Massachusetts,2018,79835,56400.39,1.4155044841758309,105.8
Massachusetts,2019,85843,56756.46,1.5124799061407228,113.04
Massachusetts,2021,89645,56683.53,1.5815000361568892,118.2
Massachusetts,2022,94488,57364.19,1.6471599708678888,123.11
Massachusetts,2023,99858,56777.49,1.7587603819753217,131.45
Michigan,2008,48591,47077.51,1.0321489075372605,77.14
Michigan,2009,45255,46944.14,0.9640180451056066,72.05
Michigan,2010,45413,47245.16,0.9612201546147795,71.84
Michigan,2011,45981,46599.09,0.986736038839043,73.75
Michigan,2012,46859,46433.18,1.009170510469409,75.43
Michigan,2013,48273,46433.16,1.0396234070651231,77.7
Michigan,2014,49847,46636.98,1.0688298253931918,79.89
Michigan,2015,51084,45740.11,1.1168315338096293,83.47
Michigan,2016,52492,45945.76,1.1424774529543413,85.39
Michigan,2017,54909,45458.88,1.2078826834402119,90.28
Michigan,2018,56697,45955.57,1.2337352128358074,92.21
Michigan,2019,59584,46158.86,1.2908463538194173,96.48
Michigan,2021,63498,45547.53,1.3941040910197298,104.2
Michigan,2022,66986,45272.44,1.4796199612497107,110.59
Michigan,2023,69183,45358.85,1.5252370311889398,114.0
Minnesota,2008,57288,48822.39,1.1733960226016376,87.7
Minnesota,2009,55616,49412.89,1.1255363061805221,84.12
Minnesota,2010,55459,48574.59,1.1417286398272084,85.33
Minnesota,2011,56954,48542.95,1.1732702326515931,87.69
Minnesota,2012,58906,48902.67,1.2045558943452792,90.03
Minnesota,2013,60702,48829.41,1.243144295339399,92.91
Minnesota,2014,61481,49046.92,1.2535138926705565,93.69
Minnesota,2015,63488,49419.16,1.2846839551102434,96.02
Minnesota,2016,65599,48810.61,1.3439496043995351,100.45
Minnesota,2017,68388,48874.9,1.399245944175513,104.58
Minnesota,2018,70315,49612.95,1.4172711098339357,105.93
Minnesota,2019,74593,49675.46,1.5016067189880107,112.23
Minnesota,2021,77720,48914.46,1.5888962240296247,118.76
Minnesota,2022,82338,49289.63,1.6704933166319167,124.85
Minnesota,2023,85086,48790.12,1.7439186636958328,130.34
Mississippi,2008,37790,41660.79,0.9070880336617754,67.8
Mississippi,2009,36646,40635.53,0.9018216990270607,67.4
Mississippi,2010,36851,41865.41,0.8802253707532264,65.79
Mississippi,2011,36919,41964.24,0.8797728208724368,65.75
Mississippi,2012,37095,41597.34,0.891763795077464,66.65
Mississippi,2013,37963,41799.59,0.9082147042719022,67.88
Mississippi,2014,39680,41650.95,0.9526792934687388,71.2
Mississippi,2015,40593,41323.14,0.9823310008265708,73.42
Mississippi,2016,41754,41552.3,1.0048540994155775,75.1
Mississippi,2017,43529,41258.77,1.055024282597303,78.85
Mississippi,2018,44717,40552.92,1.1026826453602514,82.42
Mississippi,2019,45792,40697.83,1.1251704866592098,84.1
Mississippi,2021,48716,40532.01,1.2019141363406483,89.83
Mississippi,2022,52719,40936.8,1.287814418513768,96.25
Mississippi,2023,54203,40860.18,1.3265482757674656,99.15
Missouri,2008,46867,42523.09,1.102154186189933,82.38
Missouri,2009,45229,43275.27,1.0451466181561258,78.12
Missouri,2010,44301,44703.8,0.9909895138004254,74.07
Missouri,2011,45247,44400.79,1.0190583987781119,76.17
Missouri,2012,45321,44288.76,1.02330699602757,76.48
Missouri,2013,46931,44700.26,1.0499044781778324,78.47
Missouri,2014,48363,44748.75,1.0807676795870098,80.78
Missouri,2015,50238,44369.09,1.1322748073193978,84.63
Missouri,2016,51746,43992.04,1.1762583305701437,87.91
Missouri,2017,53578,43693.32,1.2262287159384122,91.65
Missouri,2018,54478,43666.29,1.2475984765594652,93.25
Missouri,2019,57409,44164.05,1.2999033988073239,97.16
Missouri,2021,61847,43913.74,1.408374706963865,105.26
Missouri,2022,64811,43409.2,1.4930245889361975,111.59
Missouri,2023,68545,43834.47,1.5637236374148638,116.87
Montana,2008,43654,44726.77,0.9760150898452475,72.95
Montana,2009,42322,44307.91,0.955179313238216,71.39
Montana,2010,42666,44366.63,0.9616687461387786,71.88
Montana,2011,44222,45234.22,0.9776227368405044,73.07
Montana,2012,45076,44607.64,1.0104995580409495,75.53
Montana,2013,46972,44333.49,1.0595150886896707,79.19
Montana,2014,46328,46287.59,1.0008729985537592,74.81
Montana,2015,49509,45672.14,1.084008680258241,81.02
Montana,2016,50027,45273.76,1.1049888622569548,82.59
Montana,2017,53386,45135.33,1.1827985779608796,88.4
Montana,2018,55328,44838.33,1.2339443028078088,92.23
Montana,2019,57153,45982.16,1.242938484646753,92.9
Montana,2021,63249,44961.61,1.4067334958304871,105.14
Montana,2022,67631,43981.45,1.5377165914722701,114.93
Montana,2023,70804,44144.48,1.6039152167571218,119.88
Nebraska,2008,49693,42814.13,1.1606683270843832,86.75
Nebraska,2009,47357,43306.14,1.093540109867564,81.73
Nebraska,2010,48408,44362.34,1.0911957591058228,81.56
Nebraska,2011,50296,44369.83,1.1335631561863688,84.72
Nebraska,2012,50723,44603.29,1.1372031968989549,85.0
Nebraska,2013,51440,44152.53,1.1650520443515202,87.08
Nebraska,2014,52686,44285.61,1.189686605328085,88.92
Nebraska,2015,54996,44407.65,1.2384353532624683,92.56
Nebraska,2016,56927,44064.95,1.2918883190949397,96.56
Nebraska,2017,59970,43399.64,1.3818085537543978,103.28
Nebraska,2018,59566,43955.02,1.3551581917294717,101.29
Nebraska,2019,63229,44345.58,1.4258243192717164,106.57
Nebraska,2021,66817,44291.84,1.508562214362611,112.75
Nebraska,2022,69597,43332.12,1.6061295684802683,120.04
Nebraska,2023,74590,43780.78,1.703715551452284,127.34
Nevada,2008,56361,52982.64,1.0637634869170927,79.51
Nevada,2009,53341,52720.01,1.0117790669889415,75.62
Nevada,2010,51001,51323.8,0.9937106073926275,74.27
Nevada,2011,48927,51706.3,0.9462483935587999,70.72
Nevada,2012,49760,51196.19,0.9719473835033847,72.64
Nevada,2013,51230,50254.45,1.0194121301168648,76.19
Nevada,2014,51450,49377.33,1.041976082426323,77.88
Nevada,2015,52431,49322.49,1.063024265818391,79.45
Nevada,2016,55180,48802.15,1.130687808684508,84.51
Nevada,2017,58003,50274.25,1.1537318729752803,86.23
Nevada,2018,58646,49349.28,1.1883861445231434,88.82
Nevada,2019,63276,50724.61,1.2474417252342225,93.23
Nevada,2021,66274,50046.64,1.3242446651216946,98.98
Nevada,2022,72333,50848.73,1.422513487899117,106.32
Nevada,2023,76364,50957.19,1.4985912978834057,112.01
New Hampshire,2008,63731,54302.8,1.173622755372359,87.72
New Hampshire,2009,60567,54590.53,1.109478155913472,82.92
New Hampshire,2010,61042,54441.53,1.121239550693769,83.8
New Hampshire,2011,62647,53871.36,1.1628999696174354,86.92
New Hampshire,2012,63280,54031.52,1.171168171587538,87.53
New Hampshire,2013,64230,54331.59,1.1821852577614795,88.36
New Hampshire,2014,66532,53138.89,1.2520396784343881,93.58
New Hampshire,2015,70303,54146.76,1.298378810527253,97.04
New Hampshire,2016,70936,53408.2,1.3281856092579645,99.27
New Hampshire,2017,73381,54601.66,1.3439335240711276,100.45
New Hampshire,2018,74991,52350.09,1.4324903328965528,107.07
New Hampshire,2019,77933,52727.69,1.478027930333608,110.47
New Hampshire,2021,88465,51996.76,1.7013561711687584,127.16
New Hampshire,2022,89992,55635.94,1.6175157006435552,120.89
New Hampshire,2023,96838,53538.32,1.8087604951227363,135.19
New Jersey,2008,70378,60496.68,1.1633366434876522,86.95
New Jersey,2009,68342,60656.17,1.1267113829182018,84.21
New Jersey,2010,67681,59941.24,1.1291224915975209,84.39
New Jersey,2011,67458,59545.91,1.1328737014600196,84.67
New Jersey,2012,69667,60381.02,1.153789631376659,86.24
New Jersey,2013,70165,60052.58,1.1683928040524754,87.33
New Jersey,2014,71919,59873.29,1.2011867061255528,89.78
New Jersey,2015,72222,59699.06,1.2097678629142157,90.42
New Jersey,2016,76126,59720.63,1.2747019551552932,95.27
New Jersey,2017,80088,58793.45,1.3621924876567464,101.81
New Jersey,2018,81740,59853.03,1.3656784602959438,102.07
New Jersey,2019,85751,59646.15,1.4376619928582814,107.45
New Jersey,2021,89296,57878.13,1.54282788779241,115.31
New Jersey,2022,96346,58255.59,1.6538499276670247,123.61
New Jersey,2023,99781,58228.57,1.7136089282217752,128.08
New Mexico,2008,43508,46356.15,0.9385593321343987,70.15
New Mexico,2009,43028,46733.45,0.9207108993132724,68.81
New Mexico,2010,42090,45758.34,0.9198322487351405,68.75
New Mexico,2011,41963,47230.33,0.8884757550850299,66.41
New Mexico,2012,42558,46904.29,0.9073371247992135,67.82
New Mexico,2013,43872,46400.83,0.9455003588998417,70.67
New Mexico,2014,44803,46179.47,0.9701930421699626,72.51
New Mexico,2015,45382,46086.11,0.9847217967807352,73.6
New Mexico,2016,46748,45858.24,1.019402390721903,76.19
New Mexico,2017,46744,46297.14,1.00965203281408,75.46
New Mexico,2018,47169,44448.78,1.061199063600772,79.31
New Mexico,2019,51945,45038.77,1.1533395647048474,86.2
New Mexico,2021,53992,43724.53,1.234821819799217,92.29
New Mexico,2022,59726,44439.07,1.3439975380222577,100.45
New Mexico,2023,62268,44108.44,1.4117026449292391,105.51
New York,2008,56033,58719.79,0.9542438027435536,71.32
New York,2009,54659,58680.86,0.9314621258585307,69.62
New York,2010,54148,58688.72,0.9226304947167273,68.96
New York,2011,55246,59162.88,0.9337949425790313,69.79
New York,2012,56448,58867.39,0.9589009902026999,71.67
New York,2013,57369,58693.58,0.977432234798138,73.05
New York,2014,58878,58557.26,1.0054774166976654,75.15
New York,2015,60850,58566.91,1.038982539509979,77.65
New York,2016,62909,58554.07,1.0743745421752764,80.3
New York,2017,64894,58105.38,1.1168329952263452,83.47
New York,2018,67844,57683.7,1.176138177062277,87.91
New York,2019,72108,57339.08,1.2575717125263755,93.99
New York,2021,74314,57303.77,1.2968430203493837,96.93
New York,2022,79557,56105.25,1.4179955410236624,105.98
New York,2023,82095,55878.92,1.4691585686224022,109.81
North Carolina,2008,46549,44642.14,1.0427143501633211,77.93
North Carolina,2009,43674,44247.29,0.9870435114449214,73.77
North Carolina,2010,43326,44925.85,0.9643890559938629,72.08
North Carolina,2011,43916,45187.32,0.971865483469053,72.64
North Carolina,2012,45150,44985.83,1.0036494271445824,75.01
North Carolina,2013,45906,45116.54,1.017498182623369,76.05
North Carolina,2014,46556,45150.75,1.0311235254245337,77.07
North Carolina,2015,47830,44925.73,1.0646459213705233,79.57
North Carolina,2016,50584,44941.01,1.1255643411586318,84.13
North Carolina,2017,52752,44852.26,1.176127933877852,87.9
North Carolina,2018,53855,44755.34,1.2033199878879268,89.94
North Carolina,2019,57341,44448.95,1.2900418090894257,96.42
North Carolina,2021,61972,45139.42,1.3729019696553042,102.61
North Carolina,2022,67481,45524.35,1.4823054767311417,110.79
North Carolina,2023,70804,45874.18,1.5434391503463827,115.36
North Dakota,2008,45685,40345.87,1.1323339629971056,84.63
North Dakota,2009,47827,41447.09,1.1539289238701382,86.25
North Dakota,2010,48670,41810.3,1.1640673666617278,87.0
North Dakota,2011,51704,42921.2,1.2046260679133343,90.03
North Dakota,2012,53585,44678.31,1.1993515287468177,89.64
North Dakota,2013,55759,45181.89,1.2341006267311831,92.24
North Dakota,2014,59029,45205.67,1.3057874828825407,97.6
North Dakota,2015,60557,44809.46,1.3514334406812063,101.01
North Dakota,2016,60656,45957.44,1.3198296959266307,98.65
North Dakota,2017,61843,42989.63,1.4385562954859716,107.52
North Dakota,2018,63837,43556.93,1.4655990922409319,109.54
North Dakota,2019,64577,44990.64,1.435342884126563,107.28
North Dakota,2021,66519,43240.39,1.5383532173833427,114.98
North Dakota,2022,71970,41989.26,1.714009623293574,128.11
North Dakota,2023,76525,42711.33,1.791679121402234,133.91
Ohio,2008,47988,44393.06,1.0809798112918938,80.79
Ohio,2009,45395,44688.1,1.015818517504453,75.92
Ohio,2010,45090,44688.43,1.008986096411027,75.41
Ohio,2011,45749,44359.62,1.0313207343687132,77.08
Ohio,2012,46829,44801.23,1.0452614688786284,78.12
Ohio,2013,48081,45105.44,1.0659690183479757,79.67
Ohio,2014,49308,44804.8,1.100507039401714,82.25
Ohio,2015,51075,44548.93,1.146492234336144,85.69
Ohio,2016,52334,44505.14,1.1759089876013213,87.89
Ohio,2017,54021,44253.6,1.2207142745610362,91.24
Ohio,2018,56111,44569.29,1.2589609198323748,94.1
Ohio,2019,58642,44457.71,1.3190512219898856,98.59
Ohio,2021,62262,43958.82,1.416371049086395,105.86
Ohio,2022,65720,43602.46,1.5072544936257322,112.65
Ohio,2023,67769,43670.3,1.5518328522435478,115.99
Oklahoma,2008,42822,42360.22,1.0109013250463126,75.56
Oklahoma,2009,41664,42167.22,0.9880661909013176,73.85
Oklahoma,2010,42072,43111.58,0.9758864063769418,72.94
Oklahoma,2011,43225,43208.68,1.000377632430963,74.77
Oklahoma,2012,44312,43149.8,1.0269340285732944,76.75
Oklahoma,2013,45690,43473.43,1.050986763052895,78.55
Oklahoma,2014,47529,43586.56,1.0904507052855703,81.5
Oklahoma,2015,48568,43155.8,1.1254106689988057,84.11
Oklahoma,2016,49176,43278.06,1.1362801513778593,84.93
Oklahoma,2017,50051,43061.8,1.1623061993282795,86.87
Oklahoma,2018,51924,42544.97,1.2204497826599738,91.22
Oklahoma,2019,54449,42399.82,1.2841800405841366,95.98
Oklahoma,2021,55826,42603.83,1.3103515519284017,97.94
Oklahoma,2022,59673,41903.11,1.424071046189273,106.44
Oklahoma,2023,62138,41866.45,1.484195596762988,110.93
Oregon,2008,50169,49215.18,1.0193806678781223,76.19
Oregon,2009,48457,50770.63,0.9544298405384034,71.33
Oregon,2010,46560,50339.48,0.9249201253203202,69.13
Oregon,2011,46816,50289.65,0.9309272038728689,69.58
Oregon,2012,49161,51075.65,0.9625134953012588,71.94
Oregon,2013,50251,50479.67,0.995470116710556,74.4
Oregon,2014,51075,50564.01,1.0101057245969436,75.5
Oregon,2015,54148,51248.14,1.0565847702246185,78.97
Oregon,2016,57532,51151.6,1.1247350791620383,84.06
Oregon,2017,60212,52160.12,1.1543684877571505,86.28
Oregon,2018,63426,53530.16,1.1848646791448714,88.56
Oregon,2019,67058,53149.63,1.2616831824121013,94.3
Oregon,2021,71562,52998.67,1.350260286246237,100.92
Oregon,2022,75657,54363.57,1.3916856581685646,104.02
Oregon,2023,80160,53241.37,1.5055962171819914,112.53
Pennsylvania,2008,50713,48250.45,1.051036731685087,78.56
Pennsylvania,2009,49520,48373.84,1.0236938510408649,76.51
Pennsylvania,2010,49288,48289.22,1.0206831961030975,76.29
Pennsylvania,2011,50228,48182.9,1.0424444105227777,77.91
Pennsylvania,2012,51230,47951.82,1.0683640593488226,79.85
Pennsylvania,2013,52007,47879.68,1.0862018447365243,81.18
Pennsylvania,2014,53234,47742.93,1.1150132829093915,83.34
Pennsylvania,2015,55702,48240.72,1.154667782653431,86.3
Pennsylvania,2016,56907,47967.79,1.1863584971199634,88.67
Pennsylvania,2017,59195,48225.62,1.2274597223902692,91.74
Pennsylvania,2018,60905,47910.15,1.2712336644882594,95.01
Pennsylvania,2019,63463,47404.53,1.3387538982165428,100.06
Pennsylvania,2021,68957,46864.04,1.4714266587528522,109.98
Pennsylvania,2022,71798,46938.89,1.5296057202541429,114.32
Pennsylvania,2023,73824,47410.17,1.5571341783242827,116.38
Rhode Island,2008,55701,53647.04,1.0382864807824872,77.6
Rhode Island,2009,54119,53807.97,1.0057804545685713,75.17
Rhode Island,2010,52254,52712.89,0.9912945861673771,74.09
Rhode Island,2011,53636,52514.34,1.0213591669132263,76.34
Rhode Island,2012,54554,51055.71,1.0685190954845032,79.86
Rhode Island,2013,55902,51522.5,1.0850017088165531,81.09
Rhode Island,2014,54891,52009.92,1.0553947764043945,78.88
Rhode Island,2015,58073,52459.1,1.1070148192976017,82.74
Rhode Island,2016,60596,51568.59,1.1750563438896362,87.82
Rhode Island,2017,63870,51627.74,1.2371256227756628,92.46
Rhode Island,2018,64340,52180.25,1.2330336420216639,92.16
Rhode Island,2019,71169,51827.62,1.3731868618689091,102.63
Rhode Island,2021,74008,51719.2,1.430958080457362,106.95
Rhode Island,2022,81854,51873.78,1.57794552876284,117.94
Rhode Island,2023,84972,50398.77,1.6859936610352724,126.01
South Carolina,2008,44625,44316.42,1.0069630848574167,75.26
South Carolina,2009,42442,44086.36,0.9627014106562983,71.95
South Carolina,2010,42018,44767.37,0.9385854236821467,70.15
South Carolina,2011,42367,44937.66,0.9427949741931377,70.47
South Carolina,2012,43107,44933.46,0.9593518309505767,71.7
South Carolina,2013,44163,44794.77,0.9858963776093629,73.69
South Carolina,2014,45238,44645.96,1.0132608310618043,75.73
South Carolina,2015,47238,44717.75,1.0563589575630297,78.95
South Carolina,2016,49501,44812.41,1.1046269948602634,82.56
South Carolina,2017,50570,44584.97,1.1342386338500499,84.77
South Carolina,2018,52306,44384.53,1.1784736045152666,88.08
South Carolina,2019,56227,44253.08,1.2705782430350412,94.96
South Carolina,2021,59318,45163.54,1.3134046027703896,98.16
South Carolina,2022,64115,45276.67,1.4160715183369943,105.84
South Carolina,2023,67804,45550.62,1.4885416769002444,111.25
South Dakota,2008,46032,39468.58,1.1662947062693547,87.17
South Dakota,2009,45043,39920.9,1.1283062962199184,84.33
South Dakota,2010,45904,41873.76,1.09624747901469,81.93
South Dakota,2011,48321,41041.71,1.1773630948093068,88.0
South Dakota,2012,48362,43126.58,1.121396517781156,83.81
South Dakota,2013,48947,43110.98,1.135372128148666,84.86
South Dakota,2014,50979,42324.6,1.2044767579329305,90.02
South Dakota,2015,53017,41828.71,1.2674788154460523,94.73
South Dakota,2016,54467,41559.29,1.3105854310793086,97.95
South Dakota,2017,56521,41719.47,1.354787040449601,101.26
South Dakota,2018,56274,43056.1,1.306992641727116,97.69
South Dakota,2019,59533,43351.34,1.3732679584923053,102.64
South Dakota,2021,66143,42212.23,1.5669153927399888,117.11
South Dakota,2022,69728,41730.28,1.6709207913499846,124.89
South Dakota,2023,71810,42095.66,1.7058766083220125,127.5
Tennessee,2008,43614,44254.07,0.9855364158857921,73.66
Tennessee,2009,41725,43793.36,0.9527700416034545,71.21
Tennessee,2010,41461,44552.53,0.9306094114618777,69.55
Tennessee,2011,41693,44601.46,0.9347899432180073,69.87
Tennessee,2012,42764,44836.54,0.9537757119823952,71.29
Tennessee,2013,44297,44654.24,0.9919998083048884,74.14
Tennessee,2014,44361,44369.4,0.9998106127323823,74.73
Tennessee,2015,47275,44370.44,1.0654616601425217,79.63
Tennessee,2016,48547,44946.95,1.080095450740616,80.73
Tennessee,2017,51340,44781.52,1.1464549915648803,85.69
Tennessee,2018,52375,43376.06,1.2074633291081531,90.25
Tennessee,2019,56071,44360.46,1.2639861193490225,94.47
Tennessee,2021,59695,44121.05,1.352982168637878,101.12
Tennessee,2022,65254,44571.76,1.4640211649708248,109.42
Tennessee,2023,67631,44959.12,1.5042774965037686,112.43
Texas,2008,50043,47502.78,1.0534751971724097,78.74
Texas,2009,48259,47405.97,1.0179941686246303,76.09
Texas,2010,48615,47958.55,1.013687861705577,75.76
Texas,2011,49392,47723.49,1.0349620389766343,77.35
Texas,2012,50740,48206.62,1.0525524786558114,78.67
Texas,2013,51704,48342.11,1.0695436170877464,79.94
Texas,2014,53035,48708.42,1.0888261319996229,81.38
Texas,2015,55653,48726.38,1.142153505160193,85.37
Texas,2016,56565,48999.76,1.1543933385963518,86.28
Texas,2017,59206,48697.59,1.2157890681740486,90.87
Texas,2018,60629,48804.9,1.242272868209589,92.85
Texas,2019,64034,49163.54,1.302469242400583,97.35
Texas,2021,66963,49171.23,1.3618329531686102,101.78
Texas,2022,72284,48983.93,1.4756676472841976,110.29
Texas,2023,75780,49043.64,1.5451545260044275,115.49
Utah,2008,56633,49086.69,1.1537343657462822,86.23
Utah,2009,55117,50736.48,1.086338591045633,81.19
Utah,2010,54744,48585.04,1.1267666279609925,84.22
Utah,2011,55869,49959.47,1.1182863822957145,83.58
Utah,2012,57049,49712.64,1.1475752411441318,85.77
Utah,2013,59770,49506.67,1.2073121018030126,90.24
Utah,2014,60922,48807.81,1.2482019909704811,93.29
Utah,2015,62912,48556.25,1.2956520301085048,96.84
Utah,2016,65977,49008.69,1.3462306378725897,100.62
Utah,2017,68358,49330.84,1.3857051272883718,103.57
Utah,2018,71414,48623.08,1.468726329078917,109.77
Utah,2019,75780,49197.58,1.5403197287476225,115.12
Utah,2021,79449,48523.94,1.6373155695100885,122.37
Utah,2022,89168,49327.99,1.807655321356306,135.11
Utah,2023,93421,49409.42,1.8907526820263347,141.32
Vermont,2008,52104,50246.52,1.0369673981581649,77.5
Vermont,2009,51618,50906.88,1.0139689655132789,75.78
Vermont,2010,49406,49647.26,0.9951404972773825,74.38
Vermont,2011,52776,49973.22,1.0560857240006327,78.93
Vermont,2012,52977,50828.5,1.04226960309934,77.9
Vermont,2013,52578,49882.55,1.054035993791576,78.78
Vermont,2014,54166,49017.5,1.10503382628377,82.59
Vermont,2015,56990,49931.71,1.1413588908002328,85.31
Vermont,2016,57677,47790.57,1.2068698150993082,90.2
Vermont,2017,57513,49237.92,1.1680631038815974,87.3
Vermont,2018,60782,49964.24,1.216510060160127,90.92
Vermont,2019,63001,49114.79,1.2827297554455492,95.87
Vermont,2021,72431,48637.75,1.489192973203347,111.3
Vermont,2022,73991,48938.91,1.5119053839144636,113.0
Vermont,2023,81211,46462.0,1.747901604962206,130.64
Virginia,2008,61233,53237.14,1.1501932565292456,85.97
Virginia,2009,59330,53095.77,1.1174148673903244,83.52
Virginia,2010,60674,53449.95,1.1351553267941075,84.84
Virginia,2011,61882,53320.87,1.1605586427664079,86.74
Virginia,2012,61741,52788.13,1.169600115101639,87.42
Virginia,2013,62666,53605.33,1.1690254882758164,87.37
Virginia,2014,64902,53292.6,1.2178426844366141,91.02
Virginia,2015,66262,53226.78,1.2448996538960275,93.04
Virginia,2016,68114,52621.88,1.2944045082690983,96.74
Virginia,2017,71535,52067.29,1.3738950981397267,102.69
Virginia,2018,72577,52620.58,1.3792513014514143,103.09
Virginia,2019,76456,51272.66,1.4911651352266544,111.45
Virginia,2021,80963,52489.41,1.5424636060376906,115.28
Virginia,2022,85873,51993.42,1.651612933998933,123.44
Virginia,2023,89931,51308.84,1.7527389042511972,131.0
Washington,2008,58078,54545.16,1.0647690147633346,79.58
Washington,2009,56548,54479.31,1.0379721158523212,77.58
Washington,2010,55631,53426.05,1.0412710945672876,77.83
Washington,2011,56835,53911.31,1.0542315362526826,78.79
Washington,2012,57573,53017.1,1.0859327236073744,81.16
Washington,2013,58405,53212.86,1.0975730921570326,82.03
Washington,2014,61366,54140.55,1.1334572281420403,84.72
Washington,2015,64129,54622.84,1.1740327047626296,87.75
Washington,2016,67106,55337.39,1.2126702190088994,90.64
Washington,2017,70979,56501.23,1.2562381718832893,93.89
Washington,2018,74073,56709.51,1.3061829679263866,97.63
Washington,2019,78687,57253.56,1.3743598564449195,102.72
Washington,2021,84247,57471.45,1.4658931799444648,109.56
Washington,2022,91306,58313.06,1.5657897993988947,117.03
Washington,2023,94605,56888.16,1.6629997204954592,124.29
West Virginia,2008,37989,41425.19,0.9170508119993814,68.54
West Virginia,2009,37435,40869.04,0.9159744251425499,68.46
West Virginia,2010,38218,41922.79,0.911628268438578,68.14
West Virginia,2011,38482,41876.25,0.9189456811690234,68.68
West Virginia,2012,40196,41598.22,0.9662913461200984,72.22
West Virginia,2013,41253,42215.39,0.9772029099910203,73.04
West Virginia,2014,41059,41967.06,0.9783624955880578,73.12
West Virginia,2015,42019,42248.37,0.9945709972005662,74.33
West Virginia,2016,43385,41869.88,1.0361863451155655,77.45
West Virginia,2017,43469,41393.78,1.05013350494686,78.49
West Virginia,2018,44097,41624.99,1.0593876546203094,79.18
West Virginia,2019,48850,41395.21,1.1800881848375144,88.2
West Virginia,2021,51248,42217.43,1.2139061706525915,90.73
West Virginia,2022,54329,40952.5,1.3266344346111696,99.15
West Virginia,2023,55948,41403.18,1.3512972361686826,101.0
Wisconsin,2008,52094,45524.88,1.144297485715227,85.53
Wisconsin,2009,49993,45997.67,1.086859293288838,81.23
Wisconsin,2010,49001,46510.36,1.053550253756913,78.74
Wisconsin,2011,50395,46283.28,1.0888382466452513,81.38
Wisconsin,2012,51059,46345.25,1.101709440539112,82.34
Wisconsin,2013,51467,45863.09,1.1221878229789537,83.87
Wisconsin,2014,52622,45673.63,1.1521308651812683,86.11
Wisconsin,2015,55638,45772.1,1.2155438605138187,90.85
Wisconsin,2016,56811,45387.82,1.2516795532016687,93.55
Wisconsin,2017,59305,45823.65,1.2942008008899948,96.73
Wisconsin,2018,60773,45708.3,1.329583365525697,99.37
Wisconsin,2019,64168,45670.91,1.4050081947133612,105.01
Wisconsin,2021,67125,44766.94,1.4994324438781983,112.07
Wisconsin,2022,70996,44515.84,1.5948479465484673,119.2
Wisconsin,2023,74631,44896.97,1.6622723838804816,124.24
Wyoming,2008,53207,46104.82,1.1540441474863519,86.25
Wyoming,2009,52664,47924.91,1.098885701646001,82.13
Wyoming,2010,53512,47035.48,1.1376944137539584,85.03
Wyoming,2011,56322,48513.48,1.1609557005796265,86.77
Wyoming,2012,54901,47230.38,1.1624086391770077,86.88
Wyoming,2013,58752,48071.45,1.222180733054651,91.35
Wyoming,2014,57055,48283.06,1.18167726096096,88.32
Wyoming,2015,60214,47351.73,1.2716325924962293,95.04
Wyoming,2016,59882,48638.66,1.2311606383375264,92.02
Wyoming,2017,60434,47458.64,1.2734035362159557,95.18
Wyoming,2018,61584,44656.84,1.3790497367844285,103.07
Wyoming,2019,65003,45866.55,1.417220081918953,105.92
Wyoming,2021,65204,44768.55,1.4564689803312134,108.86
Wyoming,2022,70042,45041.23,1.5550640182859117,116.23
Wyoming,2023,72415,44246.02,1.6366442142163529,122.32
